OrderID,OrderDate,ProductID,CustomerID,WarehouseID,SupplierID,Quantity,UnitPrice,DiscountPct,ShippingCost,DeliveryDays,Returned
O00001,2025-10-14,P039,C082,W08,S10,17,7491,20,278,3,No
O00002,2025-08-19,P017,C064,W05,S13,17,8439,5,190,8,No
O00003,2025-05-27,P016,C070,W06,S06,18,1820,5,127,4,No
O00004,2025-12-22,P010,C055,W02,S07,14,5921,20,288,7,No
O00005,2025-04-16,P027,C100,W01,S14,19,6732,15,53,6,No
O00006,2025-07-19,P027,C138,W04,S08,8,4971,15,298,1,No
O00007,2025-06-22,P043,C104,W03,S14,15,2591,20,323,1,No
O00008,2025-10-31,P037,C007,W02,S11,14,2723,15,143,1,No
O00009,2025-07-14,P021,C055,W08,S06,11,6711,10,435,7,No
O00010,2025-02-11,P031,C005,W01,S06,8,11151,0,449,11,No
O00011,2025-01-16,P016,C052,W01,S10,5,4408,5,292,11,No
O00012,2025-10-16,P014,C120,W05,S13,12,3249,20,360,12,No
O00013,2025-03-25,P020,C028,W01,S15,10,9933,15,253,12,No
O00014,2025-02-08,P038,C063,W02,S12,10,11710,20,462,2,Yes
O00015,2025-01-22,P023,C137,W07,S11,12,1629,20,381,6,No
O00016,2025-08-04,P032,C028,W07,S06,15,3006,15,140,12,No
O00017,2025-11-30,P018,C138,W08,S08,14,10207,10,215,4,No
O00018,2025-05-23,P029,C063,W08,S10,20,11447,15,222,1,No
O00019,2025-06-16,P012,C125,W04,S06,9,6076,10,500,10,No
O00020,2025-10-12,P001,C133,W04,S02,8,7158,15,334,4,No
O00021,2025-11-27,P046,C126,W08,S13,1,2024,10,163,7,No
O00022,2025-06-06,P043,C149,W06,S08,18,9198,10,267,12,No
O00023,2025-06-19,P023,C117,W05,S05,9,4277,0,419,4,No
O00024,2025-03-03,P048,C138,W03,S04,7,8433,10,420,10,No
O00025,2025-11-02,P019,C026,W04,S05,8,6412,5,204,1,No
O00026,2025-03-06,P018,C012,W01,S09,10,11926,5,376,8,No
O00027,2025-01-07,P037,C073,W08,S08,15,6082,5,76,5,No
O00028,2025-02-28,P005,C103,W08,S02,19,10812,0,127,3,Yes
O00029,2025-06-05,P006,C064,W02,S09,14,10433,20,454,10,No
O00030,2025-09-25,P025,C116,W08,S05,19,7525,10,341,10,No
O00031,2025-11-09,P048,C026,W04,S11,7,4835,0,130,4,No
O00032,2025-10-10,P005,C041,W01,S07,15,11794,20,290,5,No
O00033,2025-04-29,P019,C073,W08,S02,8,4834,20,388,4,No
O00034,2025-02-28,P035,C058,W03,S15,9,2830,0,80,3,No
O00035,2025-11-01,P048,C146,W05,S08,4,8179,10,408,7,No
O00036,2025-09-14,P035,C127,W08,S02,20,1153,15,426,6,Yes
O00037,2025-05-09,P002,C024,W04,S11,19,10119,0,441,11,No
O00038,2025-10-23,P003,C045,W08,S09,15,5057,5,349,7,No
O00039,2025-02-16,P031,C090,W07,S06,11,11479,0,489,3,No
O00040,2025-07-30,P045,C127,W05,S11,13,9512,0,282,2,No
O00041,2025-05-10,P021,C030,W07,S14,17,518,20,286,7,No
O00042,2025-04-07,P034,C093,W08,S11,15,1345,5,186,9,No
O00043,2025-05-28,P029,C125,W02,S01,20,4420,5,209,9,No
O00044,2025-10-10,P027,C024,W04,S14,4,8060,0,381,3,No
O00045,2025-05-30,P033,C070,W07,S14,16,8236,5,283,9,No
O00046,2025-07-16,P013,C131,W03,S14,3,5026,15,224,9,No
O00047,2025-01-02,P019,C077,W08,S14,5,7816,20,297,6,No
O00048,2025-10-10,P049,C140,W07,S08,11,3590,5,342,7,No
O00049,2025-07-30,P003,C082,W08,S12,13,6825,5,303,1,No
O00050,2025-09-15,P038,C085,W02,S14,15,2133,20,283,1,No
O00051,2025-07-29,P042,C040,W02,S08,9,6046,20,404,7,No
O00052,2025-06-18,P044,C137,W07,S06,16,9364,0,366,2,No
O00053,2025-11-20,P044,C074,W04,S12,3,7610,0,439,11,No
O00054,2025-08-16,P011,C077,W01,S01,11,1419,10,233,6,No
O00055,2025-03-16,P016,C136,W07,S10,6,3285,5,90,10,No
O00056,2025-11-14,P044,C062,W08,S15,19,2844,5,286,11,No
O00057,2025-08-24,P017,C003,W08,S15,10,11601,20,130,2,No
O00058,2025-06-26,P038,C077,W07,S12,9,7984,10,151,7,No
O00059,2025-02-24,P016,C098,W06,S10,10,11956,10,61,11,No
O00060,2025-05-21,P001,C145,W01,S15,20,8638,10,447,4,Yes
O00061,2025-06-30,P015,C049,W05,S11,5,10793,0,371,11,No
O00062,2025-06-08,P029,C009,W06,S12,5,1976,10,217,12,No
O00063,2025-03-31,P013,C034,W06,S09,17,4965,5,181,8,No
O00064,2025-06-23,P008,C120,W02,S03,8,11580,15,483,9,No
O00065,2025-02-16,P026,C004,W05,S09,4,7951,10,394,12,No
O00066,2025-10-27,P025,C096,W02,S11,8,8224,0,367,9,No
O00067,2025-11-09,P015,C017,W08,S15,10,11137,15,109,3,No
O00068,2025-01-20,P020,C127,W02,S02,8,9307,5,248,8,No
O00069,2025-12-10,P048,C139,W07,S10,5,7297,0,476,8,Yes
O00070,2025-07-28,P018,C009,W06,S04,15,7785,5,487,6,No
O00071,2025-12-18,P024,C140,W06,S01,13,5020,5,112,8,No
O00072,2025-12-06,P014,C006,W01,S13,11,4490,5,452,10,No
O00073,2025-02-05,P049,C142,W04,S10,7,4317,10,446,3,Yes
O00074,2025-01-02,P018,C038,W03,S09,9,3358,0,388,1,No
O00075,2025-01-08,P023,C061,W06,S01,6,4847,0,114,12,No
O00076,2025-09-27,P008,C017,W08,S08,12,8908,20,105,8,No
O00077,2025-04-24,P040,C012,W05,S08,1,1496,15,483,7,No
O00078,2025-12-18,P007,C126,W08,S02,3,5777,20,125,2,No
O00079,2025-05-21,P040,C150,W06,S07,20,9192,10,282,9,Yes
O00080,2025-08-09,P007,C030,W04,S07,15,4243,15,223,8,No
O00081,2025-08-01,P047,C025,W06,S07,11,11397,10,241,3,No
O00082,2025-02-04,P006,C022,W02,S07,4,6605,5,334,1,Yes
O00083,2025-10-15,P036,C085,W02,S07,12,11400,15,494,12,No
O00084,2025-05-28,P039,C080,W06,S02,19,8813,5,129,11,No
O00085,2025-04-25,P007,C090,W06,S02,9,9906,5,463,7,No
O00086,2025-11-15,P040,C143,W01,S10,9,974,5,189,12,No
O00087,2025-06-23,P023,C002,W03,S14,5,9778,15,85,3,No
O00088,2025-02-16,P048,C136,W04,S07,14,7932,10,130,6,No
O00089,2025-06-16,P050,C146,W02,S15,2,3049,5,436,10,No
O00090,2025-12-12,P006,C070,W08,S11,14,8457,20,276,7,No
O00091,2025-04-21,P049,C132,W02,S06,14,2316,10,397,11,Yes
O00092,2025-09-07,P034,C079,W01,S04,13,10319,0,53,4,No
O00093,2025-04-19,P050,C036,W05,S05,11,2465,0,304,12,No
O00094,2025-03-31,P009,C098,W04,S09,18,11445,10,86,7,No
O00095,2025-08-12,P002,C118,W02,S14,11,9933,15,343,7,No
O00096,2025-05-29,P008,C104,W01,S06,6,10627,15,475,12,No
O00097,2025-02-15,P028,C028,W04,S07,19,7060,20,90,7,No
O00098,2025-06-23,P015,C086,W03,S02,17,10874,0,321,9,No
O00099,2025-06-28,P023,C038,W04,S02,5,4693,5,138,10,No
O00100,2025-12-02,P005,C046,W08,S08,19,9994,15,398,10,Yes
O00101,2025-06-15,P041,C081,W03,S08,3,8182,15,373,5,No
O00102,2025-10-30,P004,C091,W02,S05,15,7904,0,79,6,No
O00103,2025-02-09,P042,C024,W07,S08,19,9581,0,280,10,No
O00104,2025-06-14,P039,C122,W03,S01,15,2195,10,415,2,No
O00105,2025-11-27,P012,C011,W04,S12,15,7699,20,317,10,No
O00106,2025-07-06,P024,C073,W07,S07,11,11623,20,76,11,No
O00107,2025-02-03,P022,C025,W07,S05,9,11257,20,497,3,No
O00108,2025-02-11,P038,C037,W06,S05,13,2612,20,412,2,No
O00109,2025-10-14,P025,C085,W03,S11,17,2031,15,310,6,No
O00110,2025-07-05,P020,C047,W04,S06,16,3645,5,120,3,No
O00111,2025-06-01,P007,C130,W01,S11,11,10625,5,355,7,No
O00112,2025-03-25,P012,C043,W08,S01,14,6468,5,277,10,No
O00113,2025-08-18,P015,C137,W04,S05,16,3678,10,397,10,No
O00114,2025-08-25,P050,C073,W07,S09,17,7359,5,468,4,Yes
O00115,2025-03-12,P017,C014,W08,S14,12,9585,0,414,9,No
O00116,2025-05-26,P006,C042,W05,S08,17,2914,15,96,4,No
O00117,2025-06-28,P002,C107,W01,S07,17,6626,5,247,2,No
O00118,2025-04-25,P002,C082,W02,S14,11,2892,5,69,5,No
O00119,2025-12-23,P009,C121,W08,S10,1,1798,0,181,4,No
O00120,2025-10-08,P047,C136,W07,S02,10,4393,10,112,1,No
O00121,2025-08-03,P041,C118,W02,S02,16,10276,20,58,11,No
O00122,2025-10-22,P016,C037,W05,S07,1,10573,10,173,10,No
O00123,2025-04-06,P043,C022,W06,S02,17,9414,20,452,9,No
O00124,2025-01-11,P025,C121,W01,S11,13,6616,10,432,1,No
O00125,2025-02-04,P023,C062,W02,S13,19,5947,5,72,6,No
O00126,2025-06-23,P042,C045,W08,S12,16,10850,5,465,3,No
O00127,2025-08-23,P003,C076,W04,S01,7,1186,10,208,9,No
O00128,2025-10-06,P031,C065,W01,S13,7,5187,10,491,1,No
O00129,2025-05-20,P008,C095,W07,S15,13,7704,15,223,3,No
O00130,2025-12-21,P032,C095,W05,S13,3,7455,0,270,10,No
O00131,2025-10-07,P019,C083,W02,S02,11,11328,10,206,8,Yes
O00132,2025-08-07,P011,C114,W06,S08,2,6276,20,272,5,No
O00133,2025-02-08,P043,C104,W06,S09,6,1010,5,484,10,No
O00134,2025-01-18,P009,C018,W04,S13,12,6433,15,340,1,Yes
O00135,2025-03-20,P044,C116,W06,S06,15,1759,20,120,9,No
O00136,2025-07-23,P021,C072,W04,S02,1,3548,15,315,7,No
O00137,2025-03-02,P017,C067,W08,S04,20,5178,15,152,2,No
O00138,2025-02-07,P029,C045,W08,S02,11,11441,10,413,2,No
O00139,2025-10-05,P019,C077,W03,S12,6,6422,20,164,2,No
O00140,2025-03-13,P016,C127,W01,S06,18,9876,10,289,9,No
O00141,2025-11-10,P006,C017,W05,S07,16,9112,15,443,7,Yes
O00142,2025-02-07,P009,C082,W02,S08,15,11642,20,226,3,No
O00143,2025-11-24,P038,C047,W03,S07,17,1407,0,315,3,No
O00144,2025-03-26,P011,C083,W04,S06,17,5153,0,178,4,No
O00145,2025-05-21,P009,C078,W02,S09,6,10196,20,128,3,Yes
O00146,2025-11-06,P022,C145,W01,S14,1,1830,0,378,10,No
O00147,2025-11-30,P014,C147,W07,S10,1,8659,20,198,11,No
O00148,2025-09-05,P016,C104,W05,S08,3,11782,0,130,8,No
O00149,2025-09-05,P030,C053,W06,S10,5,5621,10,425,6,No
O00150,2025-03-08,P049,C095,W02,S06,8,8142,0,186,8,No
O00151,2025-03-14,P007,C013,W05,S07,20,7350,5,493,3,No
O00152,2025-10-23,P047,C081,W04,S13,6,8663,20,289,8,No
O00153,2025-09-12,P002,C024,W07,S09,15,4444,5,348,6,No
O00154,2025-01-26,P019,C127,W08,S05,18,633,0,270,3,No
O00155,2025-07-07,P049,C104,W06,S01,13,1338,20,337,4,No
O00156,2025-10-11,P019,C019,W07,S09,15,9508,10,472,10,Yes
O00157,2025-03-02,P009,C025,W07,S06,11,9639,10,436,3,No
O00158,2025-11-05,P033,C103,W01,S01,2,2745,10,461,8,No
O00159,2025-08-22,P010,C132,W03,S06,20,5718,5,251,10,No
O00160,2025-10-31,P022,C130,W08,S12,19,5411,15,467,1,No
O00161,2025-06-19,P044,C029,W07,S10,10,11772,0,355,8,No
O00162,2025-12-02,P050,C149,W04,S12,2,10060,15,137,9,Yes
O00163,2025-07-14,P010,C063,W01,S10,4,3625,0,275,6,No
O00164,2025-03-19,P027,C053,W07,S09,20,8226,0,411,3,No
O00165,2025-04-17,P036,C084,W08,S09,13,5640,5,285,9,No
O00166,2025-10-07,P023,C068,W08,S04,8,5071,20,202,4,No
O00167,2025-05-28,P046,C054,W08,S06,16,6214,20,457,12,No
O00168,2025-05-28,P008,C147,W07,S15,13,6154,5,198,1,No
O00169,2025-02-10,P023,C114,W05,S12,16,4005,5,473,9,No
O00170,2025-10-15,P045,C070,W03,S02,20,10114,5,174,1,No
O00171,2025-04-26,P041,C060,W01,S02,14,5911,15,101,11,No
O00172,2025-01-03,P036,C041,W07,S11,16,8322,5,437,5,No
O00173,2025-05-27,P042,C016,W02,S11,19,4304,20,428,12,No
O00174,2025-03-31,P027,C046,W01,S14,13,8616,5,433,5,No
O00175,2025-01-05,P020,C146,W02,S15,11,5162,15,378,9,No
O00176,2025-09-10,P009,C130,W08,S05,7,2345,10,133,12,No
O00177,2025-11-28,P017,C048,W01,S12,11,5333,20,395,4,No
O00178,2025-11-09,P041,C104,W07,S09,11,1921,15,392,2,No
O00179,2025-03-13,P031,C083,W04,S01,9,6784,5,278,5,No
O00180,2025-06-04,P038,C147,W01,S05,12,11850,5,81,11,No
O00181,2025-08-27,P020,C041,W07,S11,17,5595,0,377,5,No
O00182,2025-11-11,P015,C057,W03,S08,5,7954,20,241,7,No
O00183,2025-08-30,P049,C138,W04,S13,8,11646,20,497,2,No
O00184,2025-08-17,P034,C093,W02,S15,19,2338,0,474,9,No
O00185,2025-04-14,P037,C138,W03,S03,11,9025,15,109,11,No
O00186,2025-10-26,P032,C024,W08,S13,2,7929,5,312,7,No
O00187,2025-10-16,P004,C144,W08,S11,10,856,15,180,1,No
O00188,2025-10-24,P005,C012,W07,S06,3,9366,0,85,8,No
O00189,2025-05-27,P027,C047,W03,S13,14,6635,15,279,7,No
O00190,2025-02-11,P044,C139,W03,S11,12,2443,5,325,7,No
O00191,2025-03-07,P047,C058,W01,S13,1,5388,15,394,12,No
O00192,2025-08-06,P035,C098,W04,S04,15,6171,5,191,4,No
O00193,2025-01-17,P043,C108,W01,S04,7,1602,0,354,1,No
O00194,2025-11-03,P044,C013,W04,S12,2,7090,15,169,9,No
O00195,2025-01-29,P009,C129,W05,S04,19,5724,20,356,11,No
O00196,2025-05-02,P020,C037,W04,S07,10,5008,0,335,10,No
O00197,2025-11-17,P044,C110,W08,S01,12,11040,15,452,9,No
O00198,2025-12-23,P027,C105,W03,S05,13,3512,20,292,4,No
O00199,2025-06-03,P046,C037,W08,S15,2,9714,15,263,9,No
O00200,2025-03-10,P025,C063,W05,S04,11,11095,0,280,6,No
O00201,2025-10-02,P047,C049,W01,S05,13,11537,20,358,1,No
O00202,2025-04-07,P049,C144,W04,S08,7,5955,10,57,4,No
O00203,2025-03-02,P048,C123,W04,S12,20,3850,15,172,9,No
O00204,2025-05-25,P025,C120,W06,S05,9,6392,20,304,8,No
O00205,2025-08-29,P049,C082,W04,S06,11,7281,0,338,4,No
O00206,2025-01-09,P017,C142,W07,S05,5,3714,10,167,7,Yes
O00207,2025-05-06,P032,C141,W06,S05,16,11013,15,285,3,No
O00208,2025-03-28,P009,C140,W08,S03,18,11015,0,318,1,No
O00209,2025-12-09,P004,C002,W07,S03,8,1613,5,54,4,No
O00210,2025-08-22,P024,C016,W08,S11,16,757,0,322,9,No
O00211,2025-01-07,P002,C136,W05,S09,10,780,20,466,12,No
O00212,2025-04-02,P007,C025,W03,S04,7,10654,20,179,6,No
O00213,2025-07-23,P006,C096,W07,S08,19,4484,5,203,11,No
O00214,2025-12-01,P042,C009,W02,S07,13,6679,20,293,1,No
O00215,2025-12-26,P011,C022,W08,S14,14,11066,10,339,2,No
O00216,2025-01-22,P015,C055,W08,S05,2,1718,10,328,10,No
O00217,2025-04-02,P021,C005,W04,S10,5,7025,0,203,3,Yes
O00218,2025-05-04,P037,C100,W06,S07,5,11793,0,306,12,No
O00219,2025-01-28,P007,C112,W04,S14,3,6080,20,443,10,Yes
O00220,2025-07-23,P050,C084,W01,S11,9,7881,15,166,6,No
O00221,2025-07-12,P028,C048,W07,S02,20,5339,5,415,2,No
O00222,2025-05-18,P010,C098,W03,S12,13,5688,10,104,2,No
O00223,2025-06-07,P029,C093,W05,S02,5,1930,5,270,8,No
O00224,2025-10-12,P033,C105,W02,S01,3,6298,20,97,10,Yes
O00225,2025-06-16,P025,C004,W05,S07,13,1887,20,174,10,No
O00226,2025-03-28,P044,C098,W03,S03,9,5433,10,302,3,No
O00227,2025-03-27,P028,C071,W07,S05,16,1760,10,178,4,No
O00228,2025-11-01,P040,C051,W08,S02,5,5491,0,252,6,Yes
O00229,2025-07-14,P022,C113,W06,S07,20,2730,10,214,10,No
O00230,2025-09-03,P021,C046,W07,S06,10,11886,15,344,4,No
O00231,2025-07-12,P018,C101,W06,S02,19,3773,20,329,3,No
O00232,2025-01-14,P047,C119,W04,S08,10,11851,0,469,7,No
O00233,2025-03-13,P041,C078,W04,S05,5,7432,15,87,8,Yes
O00234,2025-09-03,P038,C103,W07,S09,2,6390,20,354,11,No
O00235,2025-02-25,P050,C064,W06,S03,20,1225,20,380,11,No
O00236,2025-06-19,P028,C028,W01,S02,9,4137,20,432,9,No
O00237,2025-10-25,P045,C148,W04,S08,12,6908,15,445,11,Yes
O00238,2025-12-20,P033,C039,W06,S01,16,2212,10,262,2,No
O00239,2025-03-14,P023,C080,W06,S08,7,9037,15,228,8,No
O00240,2025-08-13,P047,C116,W06,S02,10,1232,0,61,6,No
O00241,2025-12-13,P011,C063,W03,S09,6,5922,20,268,8,No
O00242,2025-07-27,P041,C048,W03,S11,14,6981,0,427,10,No
O00243,2025-08-19,P038,C110,W07,S01,7,3871,10,435,12,No
O00244,2025-10-23,P007,C138,W03,S06,11,3728,15,108,5,No
O00245,2025-09-28,P041,C081,W07,S10,13,10117,0,228,6,No
O00246,2025-11-13,P012,C077,W02,S11,5,5631,0,172,5,No
O00247,2025-04-04,P024,C037,W07,S07,20,2758,20,246,7,No
O00248,2025-09-07,P041,C138,W03,S09,6,8522,10,121,3,No
O00249,2025-08-19,P040,C014,W06,S01,16,2736,5,467,7,No
O00250,2025-09-16,P042,C127,W07,S11,16,7309,15,300,3,No
O00251,2025-10-17,P002,C057,W05,S01,9,4183,20,197,3,No
O00252,2025-10-17,P048,C127,W02,S10,4,4889,20,471,6,No
O00253,2025-01-22,P049,C113,W04,S07,4,11209,5,202,1,No
O00254,2025-05-15,P023,C023,W08,S14,4,4382,5,465,12,Yes
O00255,2025-12-19,P023,C110,W03,S10,5,3885,5,462,1,Yes
O00256,2025-06-29,P035,C072,W03,S06,10,5240,20,186,9,No
O00257,2025-03-11,P049,C106,W01,S05,5,11992,5,177,3,No
O00258,2025-05-07,P049,C101,W08,S03,19,10861,10,371,7,No
O00259,2025-08-20,P005,C024,W07,S09,9,11882,10,282,8,No
O00260,2025-10-25,P001,C024,W08,S11,12,1537,20,253,4,No
O00261,2025-04-19,P032,C069,W06,S14,10,6033,20,345,3,Yes
O00262,2025-09-06,P022,C013,W01,S02,15,766,0,489,3,No
O00263,2025-08-22,P001,C110,W04,S12,5,11149,10,131,5,No
O00264,2025-12-02,P024,C065,W02,S06,6,1348,15,370,5,No
O00265,2025-08-08,P042,C024,W02,S01,7,8312,0,117,10,No
O00266,2025-09-23,P044,C114,W01,S01,11,2475,15,405,3,No
O00267,2025-02-06,P015,C099,W02,S12,4,2190,10,238,5,No
O00268,2025-07-15,P050,C035,W03,S02,17,9728,0,362,11,No
O00269,2025-08-14,P023,C055,W03,S15,14,10593,15,490,4,No
O00270,2025-02-21,P009,C032,W07,S06,14,5652,5,176,5,No
O00271,2025-05-08,P036,C073,W01,S14,10,3866,20,360,9,No
O00272,2025-07-20,P019,C014,W04,S08,13,2347,5,305,11,Yes
O00273,2025-02-06,P034,C004,W06,S15,11,2662,15,490,10,No
O00274,2025-07-07,P035,C045,W08,S13,3,773,20,84,1,No
O00275,2025-04-21,P003,C016,W07,S09,10,10798,20,442,7,No
O00276,2025-12-26,P026,C022,W03,S05,3,5577,0,311,4,No
O00277,2025-10-02,P021,C101,W02,S05,14,4409,0,175,2,No
O00278,2025-03-01,P030,C015,W05,S11,6,2456,0,412,3,No
O00279,2025-03-25,P032,C089,W05,S03,12,2579,10,425,2,No
O00280,2025-06-21,P028,C070,W02,S05,19,10781,0,304,8,No
O00281,2025-07-04,P004,C128,W03,S06,6,4679,0,343,11,No
O00282,2025-04-27,P048,C131,W01,S01,1,4506,0,291,6,No
O00283,2025-03-18,P012,C010,W07,S04,11,4567,15,418,6,No
O00284,2025-02-09,P037,C096,W02,S09,2,3438,5,461,9,No
O00285,2025-07-25,P005,C120,W05,S13,10,5862,0,333,8,No
O00286,2025-07-08,P013,C075,W05,S12,20,4474,15,238,10,No
O00287,2025-04-11,P047,C140,W04,S03,1,7218,0,169,9,No
O00288,2025-11-22,P045,C003,W06,S01,13,5538,0,155,9,No
O00289,2025-08-03,P032,C016,W03,S12,9,2024,0,168,9,No
O00290,2025-12-25,P024,C118,W02,S10,4,8780,5,376,7,No
O00291,2025-10-31,P037,C016,W07,S11,5,4379,10,183,6,No
O00292,2025-12-25,P048,C084,W06,S08,9,4327,0,153,3,Yes
O00293,2025-02-25,P010,C028,W03,S08,15,5645,15,111,9,No
O00294,2025-04-17,P029,C079,W08,S05,4,1981,5,463,11,No
O00295,2025-12-27,P045,C011,W04,S14,11,2930,0,414,4,No
O00296,2025-07-22,P033,C013,W05,S05,6,1009,15,487,8,No
O00297,2025-10-09,P016,C025,W08,S02,5,2489,0,81,4,No
O00298,2025-04-12,P026,C096,W02,S10,19,4740,0,61,2,No
O00299,2025-11-27,P029,C033,W02,S15,11,2507,0,286,1,No
O00300,2025-10-21,P028,C102,W08,S01,13,11693,15,138,6,No
O00301,2025-04-06,P018,C072,W08,S15,5,1067,20,367,10,No
O00302,2025-11-28,P019,C128,W07,S15,18,8348,0,94,5,No
O00303,2025-03-12,P027,C052,W04,S11,18,819,15,450,12,No
O00304,2025-09-03,P035,C125,W06,S15,19,8731,10,248,5,No
O00305,2025-01-14,P021,C057,W01,S15,9,1459,15,321,6,Yes
O00306,2025-04-30,P011,C026,W04,S11,8,4866,20,467,12,No
O00307,2025-04-23,P037,C100,W06,S15,6,3385,5,353,6,No
O00308,2025-10-30,P002,C091,W03,S10,7,8564,20,208,3,No
O00309,2025-01-20,P006,C015,W04,S10,8,826,20,294,1,No
O00310,2025-11-11,P013,C034,W06,S12,6,5801,0,61,3,Yes
O00311,2025-12-27,P010,C029,W06,S02,12,11348,15,350,2,No
O00312,2025-06-04,P021,C035,W03,S12,14,10973,15,382,6,No
O00313,2025-12-29,P036,C092,W04,S11,19,3372,15,207,12,No
O00314,2025-03-07,P012,C001,W07,S14,19,1030,5,358,6,Yes
O00315,2025-04-24,P041,C145,W02,S15,16,2804,10,431,2,No
O00316,2025-06-27,P021,C043,W02,S14,11,7817,0,185,4,No
O00317,2025-12-21,P005,C090,W05,S13,4,520,0,247,8,No
O00318,2025-03-27,P027,C127,W07,S06,18,6649,0,474,8,Yes
O00319,2025-11-30,P049,C058,W03,S08,3,1047,10,60,6,No
O00320,2025-02-23,P005,C088,W03,S15,13,3136,0,330,2,No
O00321,2025-11-01,P040,C124,W01,S07,6,10450,15,130,1,No
O00322,2025-06-19,P014,C049,W07,S12,18,9349,10,388,5,No
O00323,2025-05-02,P007,C013,W07,S10,18,8543,5,77,6,No
O00324,2025-08-07,P006,C076,W08,S04,4,921,5,137,11,No
O00325,2025-02-11,P031,C030,W05,S13,13,8215,15,388,5,No
O00326,2025-11-25,P035,C100,W03,S06,13,6552,5,278,1,No
O00327,2025-08-14,P030,C068,W04,S14,9,9744,0,127,12,No
O00328,2025-02-13,P043,C089,W07,S13,19,4227,20,81,7,No
O00329,2025-08-03,P035,C122,W04,S08,10,1793,15,487,12,No
O00330,2025-09-15,P037,C133,W03,S02,15,3332,5,158,4,No
O00331,2025-01-22,P028,C021,W07,S04,5,10249,10,213,12,No
O00332,2025-02-14,P025,C143,W07,S09,11,5025,20,284,1,Yes
O00333,2025-10-28,P034,C108,W02,S07,5,2928,20,351,10,No
O00334,2025-02-24,P037,C026,W05,S14,18,6133,15,185,7,No
O00335,2025-10-20,P039,C122,W01,S03,9,7102,5,366,10,No
O00336,2025-01-20,P026,C085,W04,S01,16,4900,10,60,6,No
O00337,2025-06-09,P018,C126,W02,S14,8,2701,10,430,8,No
O00338,2025-05-18,P047,C107,W02,S04,15,3963,15,429,8,No
O00339,2025-07-11,P004,C132,W03,S02,10,8803,15,119,9,Yes
O00340,2025-01-15,P012,C050,W04,S14,2,4587,0,283,1,No
O00341,2025-12-27,P013,C071,W06,S14,15,8775,15,375,2,No
O00342,2025-05-04,P024,C126,W08,S03,16,10115,20,229,6,No
O00343,2025-05-13,P048,C024,W05,S01,13,1313,5,487,10,No
O00344,2025-04-24,P042,C058,W04,S05,14,8909,0,492,11,No
O00345,2025-08-31,P009,C045,W01,S04,9,10467,10,414,12,No
O00346,2025-08-05,P025,C090,W08,S05,7,8146,10,396,9,Yes
O00347,2025-07-23,P038,C027,W01,S09,12,9698,20,361,5,No
O00348,2025-12-17,P007,C124,W02,S06,9,10995,10,491,5,No
O00349,2025-12-02,P046,C077,W04,S03,17,4437,0,462,10,No
O00350,2025-12-05,P021,C036,W01,S11,16,5343,10,264,7,No
O00351,2025-01-19,P038,C147,W04,S06,8,11744,20,376,8,No
O00352,2025-09-17,P020,C044,W03,S05,4,8213,5,429,5,No
O00353,2025-04-04,P044,C086,W02,S04,12,4159,10,265,6,No
O00354,2025-05-14,P038,C076,W08,S14,4,8209,0,493,11,Yes
O00355,2025-10-25,P040,C019,W08,S15,7,8699,0,494,11,No
O00356,2025-09-29,P020,C106,W01,S14,5,2750,5,225,7,Yes
O00357,2025-08-23,P010,C081,W03,S13,3,8488,10,373,3,No
O00358,2025-11-21,P004,C002,W08,S05,7,3262,20,441,3,No
O00359,2025-02-15,P009,C112,W07,S07,14,8321,15,52,1,No
O00360,2025-04-13,P047,C096,W01,S15,11,9200,5,59,11,No
O00361,2025-11-17,P047,C064,W04,S12,12,5613,5,102,7,No
O00362,2025-10-29,P020,C043,W02,S14,2,5385,10,283,12,No
O00363,2025-11-02,P034,C087,W07,S15,5,6115,15,233,4,No
O00364,2025-07-26,P002,C059,W04,S12,5,3960,0,351,9,No
O00365,2025-03-05,P024,C010,W07,S15,9,9261,20,74,10,No
O00366,2025-12-05,P007,C006,W01,S12,4,7328,15,244,2,No
O00367,2025-05-10,P031,C040,W04,S12,1,5433,15,388,2,No
O00368,2025-05-19,P040,C036,W07,S14,4,8881,20,110,5,No
O00369,2025-02-24,P032,C051,W04,S13,9,9071,5,233,12,No
O00370,2025-06-01,P011,C011,W08,S15,7,11775,15,219,4,No
O00371,2025-01-07,P043,C023,W02,S14,19,11461,15,126,2,No
O00372,2025-02-08,P047,C026,W05,S11,8,7983,10,185,8,No
O00373,2025-02-21,P012,C011,W05,S06,11,7479,0,98,1,No
O00374,2025-03-12,P043,C044,W06,S06,15,10687,10,499,12,No
O00375,2025-07-10,P022,C047,W02,S07,13,7979,10,477,7,No
O00376,2025-08-04,P042,C043,W02,S03,2,3111,0,263,10,No
O00377,2025-10-19,P044,C113,W03,S10,13,6375,20,64,11,No
O00378,2025-09-05,P032,C029,W07,S08,2,1537,10,385,6,No
O00379,2025-12-27,P044,C135,W04,S11,11,9004,20,402,12,Yes
O00380,2025-02-18,P028,C064,W08,S06,13,2935,20,363,1,No
O00381,2025-11-26,P011,C130,W08,S14,16,3209,0,434,8,No
O00382,2025-05-04,P022,C072,W01,S09,8,9519,15,256,4,No
O00383,2025-08-24,P029,C147,W08,S02,16,7824,10,110,8,No
O00384,2025-02-22,P026,C106,W01,S09,18,502,0,455,10,Yes
O00385,2025-11-23,P020,C131,W04,S11,15,6084,10,472,1,No
O00386,2025-08-21,P022,C144,W08,S12,12,7914,0,99,11,No
O00387,2025-01-02,P022,C091,W05,S09,17,6625,0,73,3,No
O00388,2025-03-13,P046,C105,W02,S05,20,3709,5,111,7,No
O00389,2025-08-23,P013,C087,W02,S13,14,1261,20,113,8,No
O00390,2025-12-04,P038,C130,W03,S08,1,9189,0,333,7,Yes
O00391,2025-09-05,P033,C046,W03,S12,5,2196,15,386,10,Yes
O00392,2025-06-14,P033,C099,W07,S10,8,4982,15,225,5,No
O00393,2025-03-10,P009,C106,W05,S14,18,5643,20,373,4,No
O00394,2025-04-18,P040,C075,W06,S15,5,11151,5,307,9,No
O00395,2025-12-30,P008,C091,W08,S10,19,11430,15,395,12,No
O00396,2025-05-27,P028,C004,W02,S01,13,2881,0,393,1,No
O00397,2025-05-17,P049,C042,W05,S11,9,2899,0,403,5,No
O00398,2025-10-05,P003,C092,W08,S02,20,11567,20,492,4,No
O00399,2025-07-19,P016,C131,W05,S12,2,6751,15,263,11,No
O00400,2025-10-10,P004,C004,W05,S04,20,7759,5,374,12,No
O00401,2025-10-29,P035,C051,W04,S05,15,3406,0,145,3,No
O00402,2025-03-03,P025,C011,W07,S05,18,4829,5,132,10,No
O00403,2025-01-03,P022,C120,W03,S01,5,5785,20,76,11,Yes
O00404,2025-12-05,P020,C126,W06,S02,11,9108,5,144,9,No
O00405,2025-09-16,P011,C107,W07,S02,12,4124,5,389,6,No
O00406,2025-07-04,P019,C056,W08,S09,1,2379,10,278,4,Yes
O00407,2025-11-15,P016,C011,W06,S07,4,6822,10,326,12,No
O00408,2025-01-13,P034,C096,W08,S08,2,5356,5,214,9,No
O00409,2025-02-19,P011,C138,W01,S11,3,3953,5,492,11,No
O00410,2025-02-23,P014,C138,W07,S11,3,11740,5,62,8,No
O00411,2025-01-20,P006,C019,W01,S03,9,9643,0,344,4,No
O00412,2025-07-28,P025,C116,W07,S07,11,776,15,394,2,No
O00413,2025-01-04,P042,C017,W01,S12,3,6360,20,104,5,No
O00414,2025-11-07,P006,C073,W08,S07,13,11325,0,292,3,No
O00415,2025-04-23,P009,C101,W05,S11,5,5383,10,55,9,No
O00416,2025-03-14,P008,C011,W01,S10,20,6956,20,330,2,No
O00417,2025-04-18,P048,C089,W04,S07,17,2833,5,144,4,Yes
O00418,2025-05-10,P013,C030,W03,S11,19,1391,20,286,11,No
O00419,2025-02-07,P019,C018,W05,S02,7,10012,15,219,6,No
O00420,2025-12-10,P042,C061,W02,S05,20,1643,5,212,8,No
O00421,2025-06-18,P040,C079,W03,S10,19,6471,10,269,3,No
O00422,2025-06-10,P016,C057,W07,S05,12,2700,10,499,8,No
O00423,2025-08-17,P023,C079,W08,S09,4,3379,20,91,5,No
O00424,2025-10-03,P013,C068,W02,S12,3,805,20,373,1,Yes
O00425,2025-10-24,P026,C055,W01,S09,9,9404,20,291,11,No
O00426,2025-07-07,P026,C058,W05,S03,15,8710,20,96,7,No
O00427,2025-09-15,P001,C062,W03,S13,17,2799,15,131,3,Yes
O00428,2025-10-17,P043,C038,W08,S06,2,4085,15,168,2,No
O00429,2025-07-09,P015,C011,W04,S09,12,6858,15,282,1,No
O00430,2025-11-29,P021,C027,W05,S14,9,9980,20,341,3,No
O00431,2025-12-01,P025,C094,W02,S09,9,6665,5,314,7,No
O00432,2025-06-26,P032,C124,W01,S09,5,7707,5,167,2,No
O00433,2025-11-26,P018,C055,W03,S03,6,6434,20,417,2,No
O00434,2025-08-01,P022,C030,W08,S11,16,8348,5,352,3,No
O00435,2025-01-12,P016,C012,W03,S10,19,3139,5,372,9,No
O00436,2025-10-21,P010,C015,W03,S05,6,8964,15,356,10,No
O00437,2025-12-05,P019,C022,W04,S08,20,8223,15,137,4,No
O00438,2025-11-04,P010,C150,W03,S10,17,4833,5,420,11,No
O00439,2025-08-21,P039,C018,W04,S07,13,2666,0,58,4,No
O00440,2025-09-16,P044,C108,W03,S10,4,3406,15,364,10,No
O00441,2025-09-30,P033,C031,W02,S08,5,10387,20,473,1,No
O00442,2025-09-25,P027,C095,W01,S12,17,7528,5,460,8,No
O00443,2025-06-29,P038,C148,W02,S07,5,4670,15,442,4,No
O00444,2025-05-26,P039,C140,W07,S05,7,589,0,345,9,No
O00445,2025-09-24,P001,C097,W04,S12,11,7198,10,104,3,No
O00446,2025-11-30,P038,C065,W05,S14,18,7439,20,237,10,No
O00447,2025-12-15,P026,C053,W07,S09,18,8404,5,239,9,No
O00448,2025-09-05,P017,C079,W06,S13,13,2762,0,432,4,No
O00449,2025-12-25,P011,C026,W04,S09,13,6044,20,364,12,No
O00450,2025-03-24,P025,C002,W02,S14,5,8227,20,272,2,No
O00451,2025-05-15,P015,C095,W02,S10,2,6796,15,364,11,No
O00452,2025-05-27,P046,C015,W03,S11,16,7692,0,153,11,No
O00453,2025-05-27,P013,C009,W04,S10,6,11543,0,234,4,No
O00454,2025-03-22,P006,C071,W07,S06,13,7142,20,152,9,No
O00455,2025-12-27,P005,C024,W05,S12,18,10050,10,227,5,No
O00456,2025-11-07,P013,C117,W07,S10,1,4777,5,258,9,No
O00457,2025-10-14,P005,C129,W05,S06,4,8909,10,498,9,Yes
O00458,2025-05-09,P045,C114,W07,S10,16,4485,10,447,8,No
O00459,2025-10-28,P002,C124,W02,S05,3,6769,5,396,12,No
O00460,2025-06-11,P027,C091,W01,S12,9,4567,10,97,7,No
O00461,2025-02-08,P036,C046,W08,S06,12,4080,20,187,3,No
O00462,2025-09-13,P048,C052,W04,S12,8,4848,5,167,4,No
O00463,2025-11-13,P023,C040,W02,S02,3,11572,15,364,1,No
O00464,2025-01-22,P031,C096,W06,S08,19,5001,15,143,9,No
O00465,2025-07-23,P015,C148,W03,S01,17,7433,15,326,1,No
O00466,2025-06-27,P026,C045,W08,S02,17,8037,10,402,1,No
O00467,2025-12-12,P014,C098,W02,S06,12,10539,10,145,9,No
O00468,2025-05-02,P018,C121,W06,S06,6,8671,15,157,7,No
O00469,2025-07-06,P026,C072,W08,S03,19,2648,20,401,4,No
O00470,2025-05-19,P016,C143,W07,S14,13,3712,5,459,12,No
O00471,2025-08-31,P001,C046,W07,S08,5,10832,20,323,12,No
O00472,2025-09-07,P020,C065,W01,S07,4,11813,5,80,4,No
O00473,2025-09-01,P041,C025,W08,S12,11,4756,10,234,9,No
O00474,2025-05-12,P023,C006,W07,S02,12,11634,20,151,10,Yes
O00475,2025-11-29,P042,C138,W03,S13,10,6318,10,394,9,No
O00476,2025-08-17,P006,C098,W05,S08,5,3245,10,265,11,Yes
O00477,2025-10-20,P026,C019,W02,S03,11,4239,10,212,11,No
O00478,2025-12-30,P018,C102,W05,S15,15,6450,20,316,8,No
O00479,2025-03-27,P012,C006,W03,S12,8,11346,10,430,12,No
O00480,2025-04-18,P011,C102,W02,S02,3,8252,20,77,1,No
O00481,2025-09-26,P049,C022,W02,S05,20,3044,0,385,7,No
O00482,2025-04-28,P016,C073,W08,S11,5,2650,20,479,3,No
O00483,2025-01-18,P043,C092,W06,S14,16,8154,20,189,9,No
O00484,2025-03-11,P045,C139,W03,S10,20,7980,20,272,9,No
O00485,2025-06-08,P023,C124,W04,S13,3,7739,10,237,7,No
O00486,2025-03-21,P020,C003,W01,S09,5,6134,10,290,9,No
O00487,2025-12-19,P032,C123,W05,S01,14,5299,20,168,1,No
O00488,2025-07-11,P013,C106,W07,S07,8,3175,15,474,7,No
O00489,2025-05-15,P006,C109,W04,S09,20,11869,10,195,11,No
O00490,2025-05-18,P027,C049,W02,S03,5,5244,0,376,8,Yes
O00491,2025-08-20,P018,C126,W04,S06,1,2992,0,323,1,No
O00492,2025-02-22,P019,C069,W03,S12,15,634,5,96,3,No
O00493,2025-09-10,P014,C088,W07,S05,16,6584,15,406,1,No
O00494,2025-02-11,P049,C038,W01,S05,13,1669,20,290,3,No
O00495,2025-05-09,P025,C004,W02,S13,8,6804,15,176,12,No
O00496,2025-04-12,P030,C025,W04,S08,13,11664,10,215,3,No
O00497,2025-10-09,P034,C032,W05,S08,10,3755,10,76,11,No
O00498,2025-02-27,P016,C112,W06,S01,6,5023,20,111,7,No
O00499,2025-01-05,P003,C149,W08,S12,20,3039,10,444,2,No
O00500,2025-03-22,P032,C024,W06,S15,2,1479,10,380,3,No
O00501,2025-02-24,P009,C125,W04,S06,18,11061,10,462,8,No
O00502,2025-01-11,P045,C097,W06,S12,5,4607,0,298,12,No
O00503,2025-10-14,P019,C139,W08,S04,19,3557,20,228,6,No
O00504,2025-05-21,P039,C142,W03,S02,17,3039,15,201,5,No
O00505,2025-07-07,P030,C001,W07,S12,6,806,20,488,6,Yes
O00506,2025-05-03,P021,C017,W07,S04,17,11693,15,442,9,No
O00507,2025-11-10,P019,C083,W07,S11,11,2309,0,317,11,No
O00508,2025-01-23,P009,C046,W01,S04,4,8452,5,100,1,Yes
O00509,2025-11-25,P025,C126,W05,S01,12,4116,20,417,2,No
O00510,2025-04-17,P042,C126,W02,S08,2,6413,20,430,7,No
O00511,2025-12-29,P004,C069,W01,S12,3,5479,0,160,9,No
O00512,2025-02-21,P047,C060,W07,S04,7,9121,5,341,11,No
O00513,2025-10-13,P048,C143,W07,S12,4,10963,20,233,11,No
O00514,2025-12-26,P043,C110,W02,S03,6,9510,15,308,6,No
O00515,2025-10-01,P039,C114,W06,S15,11,9512,10,482,6,No
O00516,2025-11-21,P028,C083,W04,S10,18,4004,15,442,9,No
O00517,2025-07-04,P029,C115,W07,S01,2,5160,20,58,9,No
O00518,2025-06-04,P001,C077,W04,S04,11,855,10,333,9,No
O00519,2025-10-20,P037,C040,W02,S01,15,6327,5,120,5,No
O00520,2025-10-26,P016,C060,W05,S13,10,2005,20,254,10,No
O00521,2025-02-09,P047,C084,W08,S03,16,11798,20,469,2,Yes
O00522,2025-11-25,P020,C010,W07,S02,2,5978,10,500,7,No
O00523,2025-03-03,P050,C059,W01,S11,13,1386,10,318,1,No
O00524,2025-10-04,P037,C039,W06,S09,8,3009,0,394,12,No
O00525,2025-08-17,P049,C148,W02,S04,14,5247,15,125,3,No
O00526,2025-02-12,P031,C147,W01,S09,13,4801,0,254,9,No
O00527,2025-12-24,P009,C035,W08,S09,7,8493,15,383,10,No
O00528,2025-10-15,P040,C135,W04,S04,3,4862,15,215,11,Yes
O00529,2025-02-15,P008,C106,W07,S06,12,3620,10,226,10,No
O00530,2025-06-06,P011,C090,W08,S10,5,7716,0,468,4,No
O00531,2025-12-17,P024,C040,W02,S02,2,4482,20,125,5,No
O00532,2025-06-25,P045,C029,W05,S08,16,872,10,157,12,No
O00533,2025-04-19,P014,C140,W05,S09,16,10707,5,405,12,No
O00534,2025-07-12,P038,C135,W01,S05,6,1484,10,152,12,Yes
O00535,2025-05-19,P004,C120,W01,S02,13,11319,10,389,11,No
O00536,2025-02-25,P002,C075,W07,S04,13,8831,0,211,8,Yes
O00537,2025-09-30,P006,C048,W04,S09,15,9686,0,70,4,No
O00538,2025-06-06,P022,C126,W07,S12,6,801,10,400,6,No
O00539,2025-11-17,P020,C061,W05,S13,2,10752,10,499,7,No
O00540,2025-10-12,P018,C058,W03,S06,13,11263,5,94,12,No
O00541,2025-09-24,P044,C059,W07,S04,19,3002,15,209,10,No
O00542,2025-08-18,P035,C034,W04,S11,5,10019,20,400,4,No
O00543,2025-06-08,P045,C135,W03,S07,5,11251,20,130,6,No
O00544,2025-10-13,P035,C031,W03,S06,5,983,10,500,7,No
O00545,2025-06-05,P029,C071,W03,S13,7,2249,5,144,1,Yes
O00546,2025-11-12,P018,C146,W04,S10,8,4283,0,233,2,No
O00547,2025-03-10,P033,C121,W06,S03,13,8551,15,120,3,No
O00548,2025-04-26,P003,C105,W01,S15,9,7267,5,430,11,No
O00549,2025-04-15,P005,C046,W08,S14,20,8527,10,493,8,No
O00550,2025-08-07,P026,C011,W07,S12,11,6957,20,430,10,Yes
O00551,2025-10-02,P034,C010,W02,S08,15,1194,5,315,9,No
O00552,2025-01-21,P036,C100,W01,S04,10,7701,15,205,5,No
O00553,2025-03-27,P028,C076,W01,S12,17,2830,15,474,11,No
O00554,2025-02-16,P047,C129,W02,S03,19,11905,20,119,7,No
O00555,2025-06-15,P029,C007,W03,S08,19,3808,15,96,5,No
O00556,2025-12-21,P042,C042,W02,S02,4,7862,10,93,9,No
O00557,2025-09-19,P040,C041,W07,S09,13,1219,5,221,10,No
O00558,2025-03-25,P010,C046,W01,S07,10,5571,15,197,11,No
O00559,2025-03-02,P009,C052,W01,S10,9,700,15,304,8,No
O00560,2025-01-03,P039,C127,W04,S04,19,11304,15,282,7,No
O00561,2025-02-10,P039,C002,W04,S15,18,5056,20,371,9,No
O00562,2025-01-26,P012,C038,W01,S11,12,1101,5,487,1,Yes
O00563,2025-11-05,P020,C085,W02,S01,4,7331,5,132,11,No
O00564,2025-11-09,P043,C147,W03,S08,19,6401,0,97,5,No
O00565,2025-07-08,P025,C018,W07,S14,18,1563,10,291,3,No
O00566,2025-12-22,P018,C085,W07,S09,7,11900,5,363,1,No
O00567,2025-10-20,P047,C136,W02,S08,20,5205,15,361,6,No
O00568,2025-09-27,P037,C091,W03,S10,19,8632,20,423,11,No
O00569,2025-09-10,P012,C060,W05,S04,1,2436,0,288,11,No
O00570,2025-04-17,P040,C107,W07,S01,11,6228,20,462,11,No
O00571,2025-01-06,P041,C052,W05,S05,3,5542,10,309,9,No
O00572,2025-01-04,P008,C086,W06,S07,19,10592,0,476,3,No
O00573,2025-06-19,P022,C123,W08,S13,2,11078,5,296,3,No
O00574,2025-10-02,P022,C119,W07,S15,2,9037,10,339,12,No
O00575,2025-10-12,P035,C005,W04,S10,11,6293,0,126,5,No
O00576,2025-06-23,P025,C137,W03,S10,20,6882,5,354,2,No
O00577,2025-12-28,P021,C009,W05,S07,3,8643,5,240,8,No
O00578,2025-04-21,P034,C078,W03,S02,12,1112,5,97,8,No
O00579,2025-01-13,P031,C129,W03,S04,11,8421,20,208,6,No
O00580,2025-02-20,P034,C034,W04,S12,2,8026,15,415,9,No
O00581,2025-01-03,P020,C012,W02,S06,15,1255,0,316,11,No
O00582,2025-01-12,P037,C080,W04,S06,7,3654,10,191,9,No
O00583,2025-08-14,P043,C031,W05,S03,6,4983,0,57,10,No
O00584,2025-09-21,P007,C053,W06,S09,11,4940,5,410,5,Yes
O00585,2025-05-06,P011,C019,W05,S10,11,9356,15,75,3,No
O00586,2025-08-30,P044,C013,W02,S07,2,1910,15,250,3,Yes
O00587,2025-10-31,P041,C115,W06,S05,11,3746,20,90,8,Yes
O00588,2025-03-09,P006,C120,W02,S08,10,11714,15,290,4,No
O00589,2025-03-15,P040,C067,W06,S07,6,11962,10,453,6,No
O00590,2025-09-07,P002,C017,W08,S02,12,8342,15,483,3,No
O00591,2025-06-28,P039,C148,W03,S09,4,7146,0,216,9,No
O00592,2025-06-04,P035,C119,W07,S10,14,4408,20,174,9,No
O00593,2025-09-04,P025,C017,W06,S04,19,7563,15,340,6,No
O00594,2025-12-22,P016,C045,W02,S12,19,8472,0,353,10,No
O00595,2025-06-16,P036,C025,W08,S03,10,7148,0,356,2,Yes
O00596,2025-07-14,P021,C127,W01,S02,7,2776,20,436,11,No
O00597,2025-03-17,P043,C039,W08,S09,10,6889,20,345,8,No
O00598,2025-04-16,P044,C082,W05,S10,10,7622,10,95,10,No
O00599,2025-11-10,P033,C104,W03,S14,10,1522,10,331,1,No
O00600,2025-12-27,P036,C092,W02,S14,10,1010,5,271,12,Yes
O00601,2025-07-21,P041,C082,W07,S07,13,7630,20,158,11,No
O00602,2025-09-01,P009,C049,W07,S14,12,7335,5,197,11,No
O00603,2025-03-10,P001,C019,W01,S03,16,11279,15,119,2,No
O00604,2025-11-25,P027,C117,W07,S10,6,7944,20,267,9,No
O00605,2025-07-16,P023,C058,W03,S07,20,621,20,305,12,No
O00606,2025-12-31,P033,C069,W07,S15,18,9942,10,67,1,Yes
O00607,2025-09-05,P046,C095,W02,S10,16,11813,0,122,12,No
O00608,2025-05-24,P030,C133,W02,S09,20,1949,5,291,11,No
O00609,2025-12-17,P041,C139,W05,S10,2,6128,20,448,1,No
O00610,2025-08-21,P033,C121,W06,S07,12,5327,10,135,1,Yes
O00611,2025-06-05,P047,C145,W05,S01,16,9972,5,343,1,No
O00612,2025-11-16,P002,C074,W08,S02,5,8783,0,485,5,No
O00613,2025-03-09,P040,C072,W05,S14,9,732,0,359,3,Yes
O00614,2025-03-19,P043,C115,W06,S13,6,4780,5,298,3,No
O00615,2025-01-17,P022,C022,W03,S10,5,8625,15,444,7,No
O00616,2025-12-05,P029,C043,W04,S10,12,1390,10,436,2,No
O00617,2025-03-27,P030,C103,W08,S05,16,9224,5,244,11,No
O00618,2025-08-31,P017,C038,W07,S01,10,7853,15,397,6,No
O00619,2025-12-16,P003,C025,W06,S14,14,10502,10,221,5,No
O00620,2025-02-20,P017,C150,W07,S08,8,11508,20,444,4,No
O00621,2025-06-22,P044,C047,W06,S09,1,11523,0,475,2,No
O00622,2025-07-30,P007,C135,W02,S11,15,6259,5,421,5,No
O00623,2025-04-09,P003,C007,W02,S01,20,11257,5,356,11,No
O00624,2025-12-29,P008,C023,W03,S07,19,3527,0,406,3,No
O00625,2025-05-31,P030,C020,W08,S15,9,7495,10,181,3,No
O00626,2025-05-22,P050,C016,W07,S07,11,1484,10,466,5,No
O00627,2025-08-14,P005,C126,W04,S10,13,3423,15,105,3,No
O00628,2025-08-09,P014,C028,W08,S12,9,2192,0,87,2,Yes
O00629,2025-05-09,P050,C115,W01,S15,16,2938,0,69,11,No
O00630,2025-05-17,P010,C085,W07,S10,1,8944,15,294,7,No
O00631,2025-02-05,P035,C058,W01,S07,16,2485,20,324,6,No
O00632,2025-12-16,P020,C103,W01,S11,3,6485,20,486,6,No
O00633,2025-08-24,P049,C075,W04,S03,18,1144,15,388,4,No
O00634,2025-12-23,P025,C028,W06,S08,3,10867,15,426,4,No
O00635,2025-01-19,P013,C007,W04,S08,13,1532,20,379,5,No
O00636,2025-10-01,P029,C005,W01,S06,2,6033,0,257,2,No
O00637,2025-12-01,P043,C134,W08,S11,18,2940,20,169,2,No
O00638,2025-03-14,P032,C005,W08,S15,20,1250,5,409,11,No
O00639,2025-01-08,P012,C013,W05,S14,4,7974,20,137,10,No
O00640,2025-02-24,P008,C128,W04,S02,7,7483,10,465,12,No
O00641,2025-06-16,P008,C148,W03,S06,7,1246,20,138,6,No
O00642,2025-03-03,P018,C037,W07,S03,12,9567,5,274,4,Yes
O00643,2025-01-21,P009,C026,W07,S13,6,756,15,91,1,No
O00644,2025-04-02,P006,C073,W07,S12,16,11843,5,155,3,No
O00645,2025-09-25,P029,C106,W04,S03,20,11832,0,355,3,No
O00646,2025-11-10,P006,C078,W06,S07,1,9637,5,148,2,No
O00647,2025-02-18,P040,C093,W04,S08,7,5028,0,149,2,No
O00648,2025-12-17,P031,C128,W03,S03,2,1385,10,195,4,No
O00649,2025-05-09,P022,C117,W01,S02,2,9304,5,130,1,No
O00650,2025-09-21,P008,C019,W04,S12,15,10210,20,216,7,No
O00651,2025-12-13,P021,C059,W02,S06,8,2106,5,427,7,No
O00652,2025-07-12,P015,C019,W08,S10,16,1390,15,124,4,Yes
O00653,2025-08-21,P012,C100,W06,S03,15,3681,10,188,4,No
O00654,2025-03-07,P003,C146,W01,S05,5,2320,15,284,7,No
O00655,2025-06-25,P015,C076,W03,S13,20,3284,20,333,4,No
O00656,2025-07-30,P034,C126,W04,S10,16,8081,10,57,12,No
O00657,2025-05-07,P016,C084,W07,S10,8,10195,5,343,1,No
O00658,2025-01-23,P003,C121,W01,S07,17,6960,15,464,12,No
O00659,2025-08-20,P032,C062,W02,S09,1,11856,15,161,3,No
O00660,2025-06-01,P016,C024,W01,S08,10,3150,15,489,10,Yes
O00661,2025-01-13,P030,C119,W03,S14,13,3530,10,370,8,No
O00662,2025-11-18,P005,C099,W06,S09,2,5359,15,435,5,Yes
O00663,2025-10-05,P037,C054,W02,S10,11,1398,20,395,6,No
O00664,2025-02-26,P025,C094,W08,S10,2,6489,10,139,11,No
O00665,2025-12-27,P005,C144,W04,S03,11,4409,20,108,11,No
O00666,2025-10-25,P045,C054,W04,S06,12,4880,20,398,7,No
O00667,2025-01-28,P005,C096,W06,S08,16,8715,20,474,2,No
O00668,2025-12-30,P035,C137,W05,S08,20,6531,0,146,8,No
O00669,2025-02-11,P026,C046,W05,S02,4,3199,10,107,12,No
O00670,2025-09-12,P010,C053,W01,S05,14,11680,20,117,8,No
O00671,2025-08-04,P029,C006,W05,S04,3,861,5,477,9,No
O00672,2025-07-30,P038,C088,W06,S08,19,11409,20,481,9,No
O00673,2025-08-23,P020,C146,W03,S15,10,3313,10,166,8,No
O00674,2025-05-28,P050,C013,W03,S06,10,7969,5,366,3,No
O00675,2025-05-27,P012,C045,W03,S03,8,2415,0,212,10,No
O00676,2025-08-14,P017,C095,W03,S04,18,1068,10,226,3,No
O00677,2025-08-18,P035,C042,W05,S02,1,7128,15,443,3,No
O00678,2025-06-13,P010,C002,W06,S11,10,8264,10,436,10,No
O00679,2025-10-17,P047,C114,W06,S12,4,8347,0,121,11,No
O00680,2025-03-01,P020,C007,W07,S10,8,7806,10,97,6,No
O00681,2025-11-08,P042,C050,W04,S13,9,3706,0,92,9,No
O00682,2025-12-13,P043,C023,W07,S04,16,5706,20,359,9,No
O00683,2025-12-08,P024,C102,W03,S12,14,6556,15,240,1,No
O00684,2025-06-26,P023,C079,W08,S14,18,1935,5,422,8,No
O00685,2025-08-15,P019,C042,W07,S12,14,2786,20,356,2,No
O00686,2025-04-17,P020,C122,W06,S02,19,6656,0,53,7,No
O00687,2025-08-01,P012,C143,W08,S12,19,2743,5,145,7,No
O00688,2025-10-11,P032,C011,W05,S14,19,5479,15,336,12,No
O00689,2025-04-25,P002,C001,W03,S05,10,10994,15,113,11,No
O00690,2025-08-02,P012,C126,W04,S01,4,5041,15,84,10,No
O00691,2025-10-25,P031,C145,W07,S14,9,10789,15,405,2,No
O00692,2025-09-20,P047,C148,W01,S14,9,3168,20,79,3,No
O00693,2025-08-25,P045,C035,W06,S03,2,4967,10,264,11,No
O00694,2025-01-25,P019,C075,W02,S09,7,10789,5,441,2,Yes
O00695,2025-03-27,P035,C083,W06,S14,10,4947,10,99,9,Yes
O00696,2025-06-30,P010,C004,W03,S09,10,6611,15,260,6,No
O00697,2025-02-22,P014,C040,W04,S14,7,9653,20,403,9,No
O00698,2025-12-31,P036,C030,W07,S08,3,2409,5,58,8,No
O00699,2025-06-09,P045,C093,W03,S14,15,10291,20,440,6,No
O00700,2025-12-30,P020,C008,W02,S04,5,11874,5,402,4,No
O00701,2025-03-06,P014,C034,W02,S07,4,1773,0,446,8,No
O00702,2025-01-22,P013,C028,W01,S13,17,10218,0,290,2,No
O00703,2025-01-23,P005,C078,W01,S13,4,2528,20,155,10,No
O00704,2025-04-05,P043,C090,W01,S02,5,5044,20,228,6,No
O00705,2025-09-14,P050,C062,W02,S02,19,729,20,161,12,No
O00706,2025-05-25,P011,C138,W01,S12,4,4006,20,485,12,No
O00707,2025-07-07,P045,C048,W08,S11,4,3463,10,244,7,No
O00708,2025-09-21,P015,C105,W02,S13,11,2525,15,106,9,No
O00709,2025-09-11,P049,C093,W05,S09,2,1847,10,302,2,No
O00710,2025-05-26,P030,C080,W08,S04,18,7172,10,487,7,No
O00711,2025-02-05,P031,C095,W03,S01,16,11511,0,252,8,No
O00712,2025-12-04,P044,C022,W02,S03,13,7063,20,102,12,No
O00713,2025-02-03,P024,C051,W06,S04,20,7123,0,169,7,No
O00714,2025-05-23,P049,C149,W05,S13,13,6334,15,391,10,No
O00715,2025-09-06,P033,C072,W03,S13,15,2270,0,178,8,No
O00716,2025-04-29,P041,C035,W01,S02,2,1617,15,397,1,No
O00717,2025-07-15,P039,C084,W03,S05,20,10711,0,439,2,No
O00718,2025-09-10,P030,C052,W05,S11,16,8532,20,183,9,No
O00719,2025-10-04,P035,C005,W01,S07,4,6785,15,211,7,No
O00720,2025-08-24,P003,C009,W03,S09,10,3189,15,270,3,No
O00721,2025-07-19,P032,C029,W08,S11,18,11729,20,342,8,No
O00722,2025-10-15,P011,C130,W01,S07,9,8605,20,243,10,No
O00723,2025-05-26,P021,C016,W01,S10,2,2600,10,228,12,Yes
O00724,2025-01-14,P049,C088,W07,S02,14,6154,10,260,6,No
O00725,2025-12-05,P016,C064,W04,S11,10,10208,0,402,2,No
O00726,2025-02-28,P022,C044,W01,S09,11,1112,15,386,7,Yes
O00727,2025-09-21,P027,C069,W01,S12,16,10133,0,212,7,Yes
O00728,2025-07-19,P021,C147,W02,S13,16,2139,5,222,8,No
O00729,2025-12-08,P022,C043,W05,S06,14,3805,15,375,2,No
O00730,2025-04-20,P019,C068,W01,S05,19,7086,5,369,12,No
O00731,2025-10-24,P007,C087,W05,S02,19,9200,15,268,4,No
O00732,2025-02-09,P042,C078,W05,S07,18,5633,5,262,7,No
O00733,2025-11-16,P033,C117,W03,S15,1,10786,20,491,3,Yes
O00734,2025-09-13,P014,C120,W05,S15,18,10566,15,339,12,No
O00735,2025-09-25,P013,C094,W08,S03,8,2965,10,482,7,No
O00736,2025-06-13,P005,C053,W07,S05,10,11084,5,181,11,Yes
O00737,2025-05-01,P026,C062,W02,S03,7,953,5,458,5,No
O00738,2025-09-06,P036,C112,W07,S11,2,3809,5,189,3,No
O00739,2025-05-13,P018,C141,W03,S11,2,8460,0,78,2,No
O00740,2025-11-05,P020,C017,W07,S15,12,11504,0,253,12,No
O00741,2025-05-01,P008,C147,W02,S09,19,9105,10,304,2,No
O00742,2025-11-04,P008,C081,W06,S14,19,6888,5,266,4,No
O00743,2025-02-24,P012,C055,W05,S08,14,4666,20,78,8,No
O00744,2025-07-11,P045,C029,W06,S09,14,8280,5,192,3,No
O00745,2025-09-01,P046,C095,W05,S01,20,1070,0,403,11,No
O00746,2025-05-10,P036,C099,W05,S11,12,11727,0,323,4,No
O00747,2025-07-18,P001,C101,W05,S05,3,4357,10,157,3,No
O00748,2025-11-20,P021,C105,W01,S05,3,8555,15,427,7,No
O00749,2025-08-05,P007,C042,W05,S09,3,6264,15,358,12,No
O00750,2025-06-17,P030,C008,W01,S11,6,10824,15,455,11,No
O00751,2025-01-02,P026,C052,W05,S06,19,1847,0,130,4,No
O00752,2025-11-29,P049,C034,W07,S13,11,7897,15,497,12,No
O00753,2025-05-14,P012,C084,W05,S04,3,7291,10,143,7,No
O00754,2025-10-20,P015,C006,W01,S15,18,11102,20,370,4,No
O00755,2025-08-25,P013,C068,W03,S01,13,10625,15,357,5,No
O00756,2025-02-15,P024,C044,W02,S01,17,7629,15,473,11,No
O00757,2025-03-02,P015,C053,W04,S14,9,5217,15,245,3,No
O00758,2025-04-16,P039,C056,W05,S12,7,7353,5,259,3,No
O00759,2025-05-29,P017,C061,W08,S15,8,6556,20,400,11,No
O00760,2025-02-13,P001,C121,W03,S14,11,11854,15,401,4,No
O00761,2025-12-29,P028,C066,W02,S02,18,1462,0,220,4,No
O00762,2025-07-01,P039,C012,W01,S05,17,10652,15,204,7,No
O00763,2025-03-09,P036,C011,W03,S05,6,8753,15,223,8,No
O00764,2025-02-15,P021,C136,W07,S03,9,2414,10,72,3,No
O00765,2025-05-24,P048,C093,W07,S05,9,10542,10,314,6,No
O00766,2025-03-26,P021,C126,W03,S09,15,1371,5,126,1,No
O00767,2025-04-04,P003,C121,W05,S03,15,7650,0,303,1,No
O00768,2025-07-02,P046,C144,W08,S08,16,2343,5,113,6,No
O00769,2025-04-15,P019,C047,W03,S12,17,4969,20,389,10,No
O00770,2025-10-26,P001,C135,W03,S07,3,4533,15,396,2,No
O00771,2025-01-14,P019,C032,W07,S06,19,2237,10,128,1,No
O00772,2025-08-24,P046,C123,W08,S11,9,10235,0,218,1,Yes
O00773,2025-08-20,P021,C146,W03,S04,2,11045,10,215,1,No
O00774,2025-10-08,P039,C098,W02,S07,9,3416,5,444,7,No
O00775,2025-01-11,P014,C042,W07,S13,13,5168,5,111,5,No
O00776,2025-08-10,P048,C080,W03,S06,4,6520,20,152,8,No
O00777,2025-07-18,P031,C069,W07,S02,14,6533,20,145,7,No
O00778,2025-02-17,P003,C132,W06,S08,8,11110,5,303,9,No
O00779,2025-02-12,P019,C120,W07,S02,16,5421,5,115,11,No
O00780,2025-05-08,P034,C110,W05,S10,2,9527,0,73,9,No
O00781,2025-09-19,P028,C106,W02,S08,19,4651,10,180,10,No
O00782,2025-09-15,P002,C030,W08,S03,6,6938,0,92,7,No
O00783,2025-06-10,P038,C117,W08,S10,9,6092,5,158,3,No
O00784,2025-11-06,P017,C028,W07,S09,1,595,15,109,1,No
O00785,2025-12-02,P031,C118,W07,S14,20,8474,10,366,10,No
O00786,2025-12-20,P044,C102,W05,S02,5,2713,0,147,2,No
O00787,2025-12-23,P013,C007,W04,S08,5,11145,5,273,11,No
O00788,2025-04-08,P006,C078,W08,S03,16,7412,0,109,3,No
O00789,2025-12-26,P029,C125,W08,S01,15,10088,5,153,5,Yes
O00790,2025-07-20,P004,C086,W01,S02,14,7310,15,427,10,Yes
O00791,2025-10-11,P019,C010,W08,S07,16,8910,20,421,10,No
O00792,2025-04-29,P046,C016,W01,S07,19,5674,20,82,5,No
O00793,2025-08-31,P008,C127,W06,S08,14,840,5,197,12,No
O00794,2025-08-29,P023,C113,W04,S09,8,10128,10,358,12,No
O00795,2025-03-09,P019,C100,W07,S14,12,8238,5,368,4,No
O00796,2025-12-20,P048,C023,W08,S03,6,3768,5,360,8,No
O00797,2025-08-01,P032,C078,W04,S04,18,1270,0,233,5,No
O00798,2025-12-13,P011,C045,W01,S13,3,6033,15,108,10,No
O00799,2025-03-03,P036,C058,W08,S05,11,6320,0,444,9,No
O00800,2025-03-19,P045,C132,W02,S12,2,7673,15,480,2,No
O00801,2025-11-09,P040,C027,W01,S09,4,3236,0,495,4,No
O00802,2025-03-22,P047,C075,W08,S13,17,8665,0,128,11,No
O00803,2025-06-21,P009,C032,W04,S08,14,607,5,477,8,No
O00804,2025-05-27,P033,C044,W02,S05,12,7299,10,372,11,No
O00805,2025-03-19,P049,C136,W07,S13,8,2760,15,261,7,No
O00806,2025-09-22,P044,C093,W01,S08,5,662,20,85,2,No
O00807,2025-06-11,P026,C043,W07,S01,13,1107,5,344,1,No
O00808,2025-06-01,P027,C103,W05,S12,11,6138,0,473,5,No
O00809,2025-11-09,P010,C104,W08,S11,7,9419,20,453,10,No
O00810,2025-12-24,P023,C104,W04,S15,10,1880,0,325,6,No
O00811,2025-03-06,P034,C139,W05,S04,3,8883,20,209,9,No
O00812,2025-11-22,P011,C006,W01,S15,18,10207,10,173,5,No
O00813,2025-09-16,P008,C016,W06,S05,17,6307,0,74,11,No
O00814,2025-08-18,P020,C147,W01,S08,11,4368,20,339,12,No
O00815,2025-11-01,P015,C090,W05,S05,19,11517,5,415,7,No
O00816,2025-05-07,P007,C084,W04,S14,12,7943,0,125,12,No
O00817,2025-07-30,P006,C024,W01,S07,5,8302,5,278,2,No
O00818,2025-12-13,P034,C104,W07,S14,9,10073,15,375,7,No
O00819,2025-12-19,P032,C107,W03,S03,17,2582,15,414,8,No
O00820,2025-12-27,P033,C136,W02,S12,7,7961,15,66,12,No
O00821,2025-10-14,P024,C031,W07,S02,4,6555,20,198,1,No
O00822,2025-03-20,P008,C096,W05,S06,10,5316,15,64,3,No
O00823,2025-10-29,P027,C013,W05,S15,10,4032,5,469,12,No
O00824,2025-01-02,P008,C141,W06,S02,2,7341,15,343,5,Yes
O00825,2025-08-20,P022,C097,W08,S14,20,2675,5,308,11,No
O00826,2025-08-19,P043,C115,W03,S14,11,1963,20,390,10,No
O00827,2025-07-18,P015,C102,W06,S09,2,11484,15,426,5,No
O00828,2025-03-26,P046,C007,W05,S09,4,11049,20,93,4,Yes
O00829,2025-10-05,P037,C014,W04,S13,16,8735,0,111,11,No
O00830,2025-04-03,P002,C071,W04,S04,19,7778,0,463,9,Yes
O00831,2025-06-14,P026,C012,W08,S14,1,6069,15,142,7,No
O00832,2025-09-28,P021,C098,W05,S02,4,2127,20,136,5,No
O00833,2025-04-04,P017,C023,W03,S05,14,11618,5,80,10,No
O00834,2025-04-03,P002,C015,W05,S07,4,5743,5,261,6,No
O00835,2025-07-12,P008,C014,W04,S04,20,10101,5,302,9,No
O00836,2025-07-17,P008,C069,W01,S06,15,9562,15,83,8,No
O00837,2025-07-28,P041,C060,W01,S05,18,10103,0,176,9,No
O00838,2025-06-05,P037,C105,W08,S02,17,3833,5,241,9,No
O00839,2025-05-06,P035,C109,W08,S01,1,8112,20,198,11,No
O00840,2025-01-01,P004,C124,W05,S10,9,11641,15,229,11,No
O00841,2025-10-27,P033,C073,W01,S03,18,9725,0,203,2,No
O00842,2025-12-24,P008,C036,W05,S15,14,3954,20,308,6,No
O00843,2025-11-22,P017,C116,W05,S04,11,6097,5,285,10,No
O00844,2025-01-09,P045,C035,W01,S10,16,570,0,394,3,No
O00845,2025-10-12,P045,C126,W07,S09,3,11134,0,325,1,No
O00846,2025-12-11,P008,C091,W07,S14,20,6364,15,140,12,No
O00847,2025-03-05,P030,C095,W04,S08,1,4129,0,438,5,No
O00848,2025-04-09,P006,C078,W04,S04,16,6447,0,193,8,Yes
O00849,2025-04-18,P001,C051,W07,S02,9,9824,20,302,3,No
O00850,2025-04-10,P043,C145,W03,S02,19,2601,0,115,5,Yes
O00851,2025-04-27,P034,C071,W04,S14,1,11853,20,364,5,No
O00852,2025-08-21,P001,C110,W01,S14,11,7586,15,190,2,No
O00853,2025-08-27,P032,C093,W01,S15,8,1269,10,265,9,No
O00854,2025-06-11,P001,C101,W04,S06,3,9868,0,427,4,No
O00855,2025-02-08,P016,C051,W03,S06,10,1529,0,64,8,No
O00856,2025-01-13,P038,C086,W05,S04,4,8259,5,224,1,No
O00857,2025-09-24,P016,C019,W08,S13,4,10745,15,346,2,No
O00858,2025-02-01,P003,C097,W06,S15,3,2589,0,460,8,No
O00859,2025-06-04,P040,C111,W02,S02,2,9662,0,200,7,No
O00860,2025-02-19,P040,C106,W04,S14,20,11308,20,55,8,No
O00861,2025-08-26,P028,C026,W06,S11,1,7939,20,218,10,No
O00862,2025-02-25,P007,C004,W02,S10,7,9891,5,376,9,No
O00863,2025-07-01,P027,C124,W08,S03,8,2755,0,80,3,No
O00864,2025-10-27,P028,C132,W06,S05,19,9366,5,125,8,No
O00865,2025-11-05,P022,C075,W06,S01,17,10108,5,79,4,No
O00866,2025-10-14,P004,C109,W06,S04,7,10994,5,452,2,No
O00867,2025-04-07,P043,C122,W08,S10,11,9976,20,221,10,No
O00868,2025-08-03,P022,C042,W02,S08,2,8625,5,51,11,No
O00869,2025-12-21,P015,C120,W04,S04,16,5931,15,155,7,No
O00870,2025-01-04,P024,C003,W02,S06,1,9588,0,122,5,No
O00871,2025-04-10,P041,C150,W06,S01,1,3762,5,195,3,No
O00872,2025-05-15,P047,C045,W06,S14,18,4529,5,150,1,No
O00873,2025-05-15,P007,C006,W03,S07,4,6044,5,206,8,No
O00874,2025-07-09,P024,C044,W07,S15,3,2441,5,116,4,No
O00875,2025-09-30,P025,C096,W06,S10,14,10922,5,73,10,Yes
O00876,2025-04-07,P035,C076,W03,S06,8,1372,10,496,3,No
O00877,2025-10-27,P032,C054,W02,S13,16,11370,20,83,3,No
O00878,2025-07-18,P049,C131,W06,S08,17,8106,5,214,12,No
O00879,2025-09-27,P045,C124,W08,S08,9,10022,15,376,10,No
O00880,2025-04-17,P015,C052,W08,S14,8,6986,5,206,7,No
O00881,2025-10-20,P011,C096,W05,S09,3,2700,0,201,8,No
O00882,2025-06-30,P015,C150,W01,S08,17,10676,10,268,8,No
O00883,2025-08-10,P027,C095,W08,S06,9,6764,0,141,8,No
O00884,2025-05-16,P042,C020,W06,S15,3,5325,20,312,9,No
O00885,2025-05-22,P015,C026,W02,S02,12,1127,20,152,6,No
O00886,2025-12-12,P022,C065,W05,S12,9,3623,20,120,12,No
O00887,2025-05-14,P001,C077,W05,S14,12,7116,15,470,10,No
O00888,2025-08-30,P042,C132,W03,S14,13,4228,5,420,12,No
O00889,2025-08-31,P015,C133,W08,S12,15,6081,0,210,4,No
O00890,2025-12-24,P027,C054,W08,S08,18,993,10,121,10,No
O00891,2025-06-06,P048,C003,W08,S13,12,6067,5,264,7,No
O00892,2025-12-20,P035,C077,W06,S10,1,9799,0,121,3,No
O00893,2025-10-18,P041,C147,W07,S07,7,6900,0,323,7,No
O00894,2025-09-01,P007,C085,W08,S11,10,2027,5,103,11,No
O00895,2025-04-01,P003,C126,W01,S03,7,1638,15,195,4,No
O00896,2025-05-30,P043,C135,W02,S08,2,6539,20,55,3,No
O00897,2025-07-30,P026,C041,W02,S03,18,7355,15,430,2,No
O00898,2025-04-16,P009,C053,W05,S07,16,3101,20,344,5,Yes
O00899,2025-04-14,P033,C118,W05,S04,1,2837,15,82,7,Yes
O00900,2025-05-07,P034,C085,W08,S08,15,9939,0,427,2,No
O00901,2025-11-27,P030,C089,W05,S07,20,3369,15,177,3,Yes
O00902,2025-08-10,P030,C099,W03,S12,19,2065,15,407,1,No
O00903,2025-03-22,P018,C138,W05,S11,3,11936,5,302,7,No
O00904,2025-03-04,P024,C020,W02,S09,11,7219,15,134,5,No
O00905,2025-09-17,P003,C119,W01,S02,15,6744,10,431,7,No
O00906,2025-07-23,P003,C003,W05,S02,5,5859,15,298,8,No
O00907,2025-02-12,P036,C063,W08,S03,16,5073,5,137,1,Yes
O00908,2025-02-21,P012,C076,W02,S09,13,3259,0,393,1,No
O00909,2025-03-20,P029,C092,W03,S04,2,11559,20,160,8,No
O00910,2025-11-22,P034,C027,W07,S12,10,7774,0,356,1,No
O00911,2025-07-13,P050,C052,W04,S06,8,3776,0,58,7,No
O00912,2025-01-08,P022,C050,W02,S04,4,11380,5,420,3,No
O00913,2025-08-01,P033,C028,W06,S06,18,10769,5,369,4,No
O00914,2025-07-22,P028,C031,W04,S04,4,6342,10,138,1,No
O00915,2025-12-01,P021,C004,W07,S04,15,4106,0,386,5,Yes
O00916,2025-07-08,P003,C018,W04,S07,10,10311,15,102,12,No
O00917,2025-10-19,P011,C065,W02,S10,11,10836,15,397,12,No
O00918,2025-06-20,P012,C082,W08,S02,11,789,20,349,8,No
O00919,2025-09-19,P041,C060,W01,S04,1,10598,0,208,4,No
O00920,2025-05-05,P040,C021,W01,S03,12,8671,10,153,3,No
O00921,2025-04-15,P042,C010,W04,S15,20,7770,10,118,5,No
O00922,2025-11-26,P049,C011,W07,S11,10,888,5,483,12,No
O00923,2025-06-25,P016,C053,W01,S15,8,11761,5,361,7,No
O00924,2025-06-14,P012,C114,W01,S02,16,1646,5,76,11,No
O00925,2025-04-15,P009,C024,W03,S10,18,3848,5,309,2,No
O00926,2025-08-28,P020,C043,W04,S04,14,3390,20,177,5,No
O00927,2025-10-23,P029,C052,W05,S14,16,1810,10,253,7,No
O00928,2025-08-30,P029,C109,W07,S13,5,8397,0,440,7,No
O00929,2025-02-12,P049,C077,W03,S09,6,4715,15,287,5,No
O00930,2025-05-26,P025,C144,W08,S02,11,2738,15,150,3,No
O00931,2025-01-03,P001,C129,W06,S08,13,7312,15,430,6,No
O00932,2025-09-08,P020,C019,W07,S15,2,2539,15,339,3,No
O00933,2025-08-12,P017,C090,W08,S11,12,11910,0,383,7,No
O00934,2025-05-07,P016,C123,W01,S15,12,10837,0,407,11,No
O00935,2025-05-14,P039,C117,W03,S05,8,10365,20,389,3,No
O00936,2025-03-01,P050,C024,W07,S07,19,1816,20,146,7,No
O00937,2025-08-07,P017,C078,W07,S10,10,7243,0,105,11,Yes
O00938,2025-06-26,P010,C069,W04,S15,13,11952,10,53,3,No
O00939,2025-01-01,P007,C018,W07,S09,14,11223,10,425,7,No
O00940,2025-04-01,P024,C048,W03,S04,16,3481,20,106,8,Yes
O00941,2025-04-19,P012,C052,W01,S12,6,3643,10,496,7,No
O00942,2025-11-17,P040,C028,W03,S02,10,1904,15,113,5,No
O00943,2025-06-25,P002,C150,W04,S08,16,11523,0,54,1,No
O00944,2025-01-04,P043,C150,W01,S02,7,9057,0,242,10,No
O00945,2025-05-17,P032,C122,W06,S10,14,6014,10,399,6,No
O00946,2025-05-03,P024,C103,W07,S10,2,6333,10,462,2,No
O00947,2025-08-22,P045,C103,W03,S01,20,2513,20,193,12,No
O00948,2025-07-08,P029,C122,W07,S11,7,551,10,58,11,No
O00949,2025-01-24,P048,C084,W08,S04,20,8438,15,428,10,No
O00950,2025-06-28,P028,C122,W02,S12,13,5314,20,149,12,No
O00951,2025-09-24,P037,C130,W01,S03,16,1926,10,476,11,No
O00952,2025-08-28,P011,C115,W02,S08,18,4446,5,158,3,No
O00953,2025-02-24,P028,C008,W03,S15,11,6783,10,162,12,No
O00954,2025-12-07,P031,C032,W03,S15,18,10880,15,96,12,No
O00955,2025-04-25,P037,C017,W06,S07,13,11213,20,488,7,No
O00956,2025-04-25,P017,C030,W05,S02,4,1960,10,429,10,No
O00957,2025-03-01,P037,C095,W03,S14,11,6729,20,427,1,No
O00958,2025-02-01,P038,C138,W04,S14,13,7441,10,444,6,No
O00959,2025-09-24,P043,C057,W02,S07,1,9319,15,211,3,No
O00960,2025-04-23,P032,C117,W03,S10,10,2889,0,356,6,No
O00961,2025-09-15,P045,C032,W05,S14,19,8336,5,303,5,No
O00962,2025-01-31,P022,C040,W04,S14,8,11975,0,493,3,No
O00963,2025-07-20,P020,C041,W01,S09,13,6028,15,397,8,No
O00964,2025-07-20,P026,C019,W05,S05,7,11986,20,251,2,No
O00965,2025-06-15,P049,C149,W01,S14,10,7996,5,345,3,No
O00966,2025-12-23,P031,C075,W03,S04,7,3705,0,235,12,Yes
O00967,2025-02-22,P044,C038,W07,S07,6,1422,0,232,8,No
O00968,2025-01-27,P008,C132,W06,S10,14,2934,15,175,1,No
O00969,2025-05-04,P026,C126,W05,S12,20,3326,15,447,12,No
O00970,2025-08-26,P042,C098,W05,S11,15,6518,0,111,2,No
O00971,2025-03-04,P032,C131,W04,S01,19,9887,20,295,5,No
O00972,2025-10-31,P012,C099,W08,S11,14,5388,20,114,2,No
O00973,2025-02-02,P046,C138,W03,S07,1,6951,20,468,9,No
O00974,2025-09-08,P005,C133,W02,S13,7,11290,0,142,10,No
O00975,2025-01-03,P036,C115,W06,S02,2,2610,20,155,11,No
O00976,2025-02-14,P036,C066,W01,S02,4,8792,10,236,9,No
O00977,2025-08-05,P043,C001,W04,S05,2,9010,10,387,9,No
O00978,2025-03-13,P037,C126,W06,S09,12,10431,20,311,4,No
O00979,2025-12-06,P003,C061,W01,S04,5,5410,5,118,10,No
O00980,2025-04-21,P038,C092,W05,S03,20,7414,0,331,5,No
O00981,2025-07-15,P042,C042,W07,S08,3,4664,15,405,3,No
O00982,2025-04-15,P005,C069,W04,S12,12,9734,20,359,3,No
O00983,2025-03-20,P021,C112,W07,S01,20,4555,0,188,2,No
O00984,2025-02-26,P044,C141,W07,S02,11,10988,0,235,6,No
O00985,2025-03-16,P015,C071,W01,S02,13,4140,15,103,2,No
O00986,2025-09-27,P047,C079,W08,S02,17,6216,20,493,5,No
O00987,2025-05-19,P039,C026,W01,S03,11,6882,5,226,12,No
O00988,2025-10-10,P039,C104,W08,S10,5,4744,0,401,9,No
O00989,2025-12-03,P009,C037,W07,S10,9,1366,10,412,4,Yes
O00990,2025-08-03,P046,C118,W03,S08,12,8178,20,196,5,No
O00991,2025-09-24,P046,C059,W05,S11,3,5507,15,444,6,No
O00992,2025-11-21,P006,C020,W04,S02,6,9925,0,93,12,No
O00993,2025-10-11,P032,C003,W07,S11,17,2735,15,304,9,No
O00994,2025-12-24,P008,C104,W01,S10,7,619,15,409,9,No
O00995,2025-05-06,P048,C136,W01,S10,15,3261,20,165,3,No
O00996,2025-07-07,P009,C132,W06,S01,14,8618,15,137,6,No
O00997,2025-06-23,P044,C064,W02,S05,10,8415,10,185,4,No
O00998,2025-11-20,P037,C101,W04,S15,10,11034,20,472,1,No
O00999,2025-11-13,P032,C015,W06,S01,20,8042,10,202,6,No
O01000,2025-01-03,P023,C048,W07,S06,1,2160,15,301,4,No
O01001,2025-09-28,P033,C040,W07,S02,16,613,5,443,11,No
O01002,2025-04-26,P031,C102,W06,S05,12,7517,5,324,5,No
O01003,2025-08-13,P043,C113,W03,S03,12,7610,0,233,12,No
O01004,2025-02-26,P013,C073,W01,S03,13,7398,10,66,3,No
O01005,2025-09-03,P043,C069,W02,S07,16,9513,15,459,11,No
O01006,2025-06-16,P049,C103,W07,S03,4,2267,0,114,3,No
O01007,2025-09-14,P001,C061,W01,S11,11,7539,20,427,1,No
O01008,2025-09-03,P019,C073,W08,S02,14,4559,20,128,12,No
O01009,2025-04-06,P016,C072,W02,S14,9,11984,5,391,7,No
O01010,2025-08-31,P046,C027,W03,S04,19,10804,5,167,2,No
O01011,2025-07-25,P003,C071,W04,S15,5,7484,0,365,4,No
O01012,2025-01-27,P025,C105,W05,S12,8,4133,10,268,8,No
O01013,2025-09-19,P028,C014,W05,S02,9,6456,10,229,12,No
O01014,2025-05-07,P021,C013,W03,S01,1,1354,10,158,5,No
O01015,2025-05-24,P039,C026,W07,S03,9,8549,10,221,5,No
O01016,2025-02-19,P043,C004,W03,S06,12,6420,20,320,10,No
O01017,2025-05-02,P042,C071,W04,S10,13,1929,0,116,11,Yes
O01018,2025-03-03,P003,C049,W04,S12,15,2116,0,329,10,No
O01019,2025-06-04,P047,C122,W04,S09,5,1217,5,148,7,No
O01020,2025-12-31,P017,C144,W06,S15,12,7847,0,273,2,No
O01021,2025-08-03,P034,C129,W01,S03,20,4991,5,198,1,Yes
O01022,2025-02-01,P045,C049,W07,S08,18,8912,0,134,8,No
O01023,2025-07-16,P036,C100,W07,S10,9,3890,5,51,3,Yes
O01024,2025-04-22,P038,C003,W08,S09,17,4740,10,486,4,No
O01025,2025-12-29,P018,C142,W02,S03,8,1247,20,171,5,No
O01026,2025-11-24,P010,C072,W03,S05,2,11025,5,471,4,No
O01027,2025-03-01,P001,C089,W06,S06,3,9499,10,419,3,No
O01028,2025-11-10,P019,C084,W01,S11,1,6324,5,424,5,No
O01029,2025-05-12,P002,C138,W02,S12,13,11212,10,495,11,Yes
O01030,2025-10-10,P014,C114,W04,S06,9,3841,20,372,7,No
O01031,2025-08-17,P015,C112,W06,S03,16,2035,15,142,8,No
O01032,2025-04-01,P013,C146,W08,S12,6,11109,10,60,5,No
O01033,2025-04-01,P026,C049,W02,S03,3,7486,5,282,11,No
O01034,2025-02-21,P047,C135,W03,S12,1,10384,0,243,7,No
O01035,2025-02-26,P001,C012,W03,S04,3,4885,5,371,10,No
O01036,2025-01-05,P007,C139,W06,S14,3,3814,5,295,10,No
O01037,2025-03-25,P020,C085,W08,S03,8,1415,20,404,5,No
O01038,2025-03-05,P002,C012,W02,S09,10,2180,20,478,7,No
O01039,2025-01-01,P015,C007,W04,S07,13,2914,10,385,5,No
O01040,2025-12-17,P025,C029,W08,S03,4,4178,0,194,6,No
O01041,2025-11-12,P022,C031,W06,S15,3,1210,20,127,3,No
O01042,2025-09-29,P022,C047,W07,S03,10,10736,10,228,2,No
O01043,2025-09-13,P043,C095,W05,S13,3,535,5,448,11,No
O01044,2025-06-13,P010,C100,W08,S12,16,1602,0,345,7,No
O01045,2025-03-16,P006,C083,W03,S03,13,6277,10,303,7,No
O01046,2025-12-22,P027,C086,W03,S13,8,6778,15,331,8,No
O01047,2025-10-01,P032,C137,W04,S07,3,10018,15,319,10,No
O01048,2025-12-26,P006,C061,W06,S01,7,781,10,335,8,No
O01049,2025-02-26,P004,C090,W06,S14,5,5328,15,123,9,No
O01050,2025-05-05,P014,C058,W01,S12,5,2420,5,243,12,No
O01051,2025-12-23,P028,C096,W01,S12,4,11358,20,87,8,Yes
O01052,2025-03-22,P002,C038,W06,S03,3,4514,0,56,10,No
O01053,2025-03-18,P049,C047,W08,S12,5,9141,10,290,7,No
O01054,2025-08-16,P042,C004,W05,S02,5,1483,0,359,3,No
O01055,2025-03-24,P001,C102,W07,S11,15,9579,10,342,9,No
O01056,2025-12-30,P015,C109,W03,S05,3,9044,15,114,12,No
O01057,2025-07-25,P040,C015,W04,S07,6,9663,20,480,2,No
O01058,2025-09-02,P021,C104,W07,S03,2,6586,15,149,5,No
O01059,2025-02-23,P005,C093,W06,S01,8,5123,5,327,2,No
O01060,2025-04-19,P039,C003,W05,S04,18,3805,0,173,5,No
O01061,2025-10-19,P037,C012,W08,S01,2,5654,0,208,1,No
O01062,2025-05-25,P026,C129,W04,S06,13,6330,5,409,11,No
O01063,2025-06-19,P027,C129,W02,S09,5,888,20,457,7,No
O01064,2025-10-28,P003,C075,W03,S03,15,1790,0,417,4,No
O01065,2025-12-15,P042,C037,W03,S09,17,10473,20,443,6,No
O01066,2025-03-09,P022,C075,W06,S10,14,1155,15,172,4,Yes
O01067,2025-11-07,P005,C040,W08,S02,1,2836,10,330,2,No
O01068,2025-02-18,P030,C081,W03,S15,10,3145,0,193,10,No
O01069,2025-06-30,P006,C019,W03,S12,15,4726,15,181,8,No
O01070,2025-03-05,P037,C125,W01,S06,10,7068,15,488,10,No
O01071,2025-08-14,P024,C132,W06,S06,3,11677,15,309,8,No
O01072,2025-12-16,P003,C015,W04,S12,18,630,5,486,2,No
O01073,2025-07-12,P011,C146,W07,S14,3,4154,15,497,8,No
O01074,2025-06-28,P030,C120,W08,S02,3,3453,0,253,7,No
O01075,2025-07-25,P022,C017,W06,S06,20,8467,5,409,12,No
O01076,2025-02-28,P018,C117,W01,S09,5,8199,5,377,4,No
O01077,2025-10-18,P003,C098,W01,S15,12,7546,15,159,1,No
O01078,2025-01-12,P049,C109,W05,S05,6,1869,5,85,5,No
O01079,2025-02-11,P020,C116,W07,S09,7,11471,10,144,1,No
O01080,2025-08-08,P022,C077,W03,S04,12,7366,15,293,9,No
O01081,2025-12-23,P028,C091,W07,S14,1,9689,20,151,2,Yes
O01082,2025-11-12,P010,C083,W06,S01,5,8014,5,305,6,No
O01083,2025-12-12,P027,C068,W01,S08,5,10892,15,377,10,No
O01084,2025-01-19,P014,C049,W07,S12,18,3221,20,243,4,No
O01085,2025-04-18,P013,C148,W01,S06,12,765,10,207,9,No
O01086,2025-12-25,P032,C117,W07,S07,12,6270,20,268,9,No
O01087,2025-02-28,P012,C118,W07,S06,6,9556,20,133,9,No
O01088,2025-07-15,P019,C112,W05,S12,20,2125,0,462,2,No
O01089,2025-11-29,P002,C106,W02,S08,20,9424,0,374,8,No
O01090,2025-10-25,P003,C075,W07,S04,8,7948,20,245,2,No
O01091,2025-08-29,P008,C090,W08,S07,13,624,10,450,4,No
O01092,2025-05-26,P018,C068,W05,S14,14,11531,5,52,7,No
O01093,2025-01-08,P002,C040,W06,S14,17,10329,10,221,3,Yes
O01094,2025-08-09,P016,C143,W07,S04,20,11058,15,474,1,Yes
O01095,2025-08-08,P009,C100,W03,S07,11,8975,5,273,4,No
O01096,2025-12-30,P009,C130,W02,S11,19,6922,10,478,9,No
O01097,2025-06-15,P014,C024,W02,S01,14,689,20,128,1,Yes
O01098,2025-12-29,P035,C021,W07,S01,5,7933,10,145,4,No
O01099,2025-06-02,P013,C138,W04,S12,13,4767,0,190,2,No
O01100,2025-11-18,P002,C149,W02,S02,15,10263,0,104,3,No
O01101,2025-05-15,P012,C024,W02,S08,12,3907,15,101,8,No
O01102,2025-07-31,P005,C125,W02,S04,14,6648,10,374,8,No
O01103,2025-04-03,P020,C003,W03,S11,19,10841,20,487,1,No
O01104,2025-06-25,P023,C124,W01,S03,17,4669,0,148,10,No
O01105,2025-10-02,P002,C133,W03,S04,12,2380,5,65,6,No
O01106,2025-04-23,P006,C033,W05,S05,16,3764,0,228,12,No
O01107,2025-11-30,P019,C120,W08,S07,17,7052,5,178,3,No
O01108,2025-12-18,P046,C072,W07,S02,19,10126,10,134,4,No
O01109,2025-08-10,P029,C109,W05,S14,11,10705,0,360,7,No
O01110,2025-04-13,P037,C091,W06,S15,3,7863,5,67,9,No
O01111,2025-10-28,P027,C076,W06,S07,1,2378,5,464,6,No
O01112,2025-04-06,P023,C063,W02,S04,12,6594,5,449,6,No
O01113,2025-01-05,P021,C003,W06,S04,15,9797,10,169,9,No
O01114,2025-07-17,P019,C055,W04,S02,18,5055,20,463,11,No
O01115,2025-10-21,P042,C108,W07,S06,11,3746,5,75,8,No
O01116,2025-01-24,P018,C108,W02,S02,15,3303,20,217,10,No
O01117,2025-05-02,P037,C006,W05,S01,19,576,15,195,3,No
O01118,2025-01-19,P035,C136,W01,S06,1,1637,15,98,7,No
O01119,2025-05-21,P021,C089,W07,S02,18,5631,15,363,1,No
O01120,2025-06-02,P045,C117,W08,S14,4,6626,20,102,1,No
O01121,2025-01-25,P001,C036,W02,S06,14,4208,5,95,4,No
O01122,2025-10-03,P001,C014,W05,S15,2,2315,0,205,2,No
O01123,2025-06-18,P045,C098,W05,S12,6,2757,20,285,2,No
O01124,2025-06-13,P010,C150,W07,S11,15,11448,0,317,9,No
O01125,2025-10-23,P031,C126,W05,S06,16,4200,0,185,5,No
O01126,2025-06-30,P036,C063,W04,S12,3,1731,15,80,4,No
O01127,2025-12-10,P014,C120,W07,S04,16,2212,10,156,10,No
O01128,2025-09-21,P021,C080,W08,S11,5,8765,0,116,4,No
O01129,2025-07-17,P029,C132,W04,S13,13,3579,0,192,7,No
O01130,2025-12-18,P020,C148,W02,S03,15,2255,0,173,1,No
O01131,2025-04-06,P018,C008,W08,S11,17,7916,10,185,2,No
O01132,2025-02-13,P023,C111,W04,S03,13,8727,15,310,6,No
O01133,2025-08-14,P018,C095,W02,S01,13,7423,5,200,4,No
O01134,2025-04-01,P039,C071,W08,S09,14,2288,0,380,4,No
O01135,2025-04-23,P008,C014,W01,S10,9,4411,0,322,2,No
O01136,2025-04-26,P040,C104,W07,S07,4,4102,10,303,4,No
O01137,2025-04-15,P023,C074,W05,S12,1,2044,5,307,12,Yes
O01138,2025-09-02,P048,C079,W04,S03,11,11664,0,135,3,No
O01139,2025-08-22,P010,C004,W08,S07,11,841,5,185,2,No
O01140,2025-12-14,P049,C003,W06,S08,19,516,15,497,4,No
O01141,2025-02-26,P003,C005,W05,S14,8,9106,20,135,3,No
O01142,2025-02-21,P020,C086,W08,S08,12,9440,10,389,8,No
O01143,2025-07-06,P030,C004,W06,S05,11,8984,20,297,2,No
O01144,2025-12-18,P034,C006,W03,S07,8,11303,5,232,8,No
O01145,2025-05-06,P037,C111,W06,S04,3,3675,15,377,2,No
O01146,2025-11-17,P044,C140,W08,S15,17,3366,10,397,6,No
O01147,2025-07-20,P038,C107,W05,S05,7,1173,20,316,12,No
O01148,2025-11-10,P008,C111,W08,S10,12,5225,0,54,8,No
O01149,2025-08-27,P044,C039,W05,S10,18,11384,5,205,8,No
O01150,2025-02-03,P019,C004,W08,S01,7,5136,20,113,1,No
O01151,2025-06-06,P001,C111,W06,S11,1,1317,10,120,6,No
O01152,2025-09-15,P043,C144,W03,S02,9,2837,5,271,10,No
O01153,2025-05-29,P015,C009,W08,S15,12,4575,15,266,7,No
O01154,2025-05-14,P020,C080,W03,S10,14,11623,10,461,10,No
O01155,2025-12-16,P050,C052,W05,S03,14,9581,5,204,5,No
O01156,2025-06-02,P037,C119,W03,S07,14,2073,5,319,8,No
O01157,2025-09-15,P044,C092,W08,S06,14,8143,15,260,8,No
O01158,2025-10-14,P002,C108,W02,S13,5,10579,10,452,4,Yes
O01159,2025-09-20,P024,C033,W05,S01,13,2563,15,393,1,No
O01160,2025-09-23,P030,C014,W02,S01,9,11147,0,220,10,No
O01161,2025-05-29,P037,C124,W06,S14,2,2489,20,395,9,No
O01162,2025-12-26,P014,C133,W03,S09,16,2734,5,395,11,No
O01163,2025-06-04,P041,C080,W01,S13,16,10718,5,108,2,No
O01164,2025-03-20,P039,C031,W02,S04,7,2197,15,62,9,No
O01165,2025-07-20,P004,C032,W05,S07,16,3515,5,480,9,No
O01166,2025-11-10,P044,C113,W02,S07,5,10923,0,144,3,No
O01167,2025-03-29,P033,C140,W04,S08,16,5251,10,391,2,Yes
O01168,2025-09-10,P024,C071,W07,S07,4,8101,15,466,7,No
O01169,2025-01-15,P019,C118,W02,S10,13,680,20,205,1,Yes
O01170,2025-08-16,P003,C091,W03,S08,15,5036,0,131,6,No
O01171,2025-09-15,P014,C090,W07,S09,3,3358,5,230,11,Yes
O01172,2025-06-23,P030,C036,W05,S13,10,6954,0,479,11,No
O01173,2025-07-12,P031,C047,W05,S03,11,10147,20,228,10,Yes
O01174,2025-07-26,P005,C012,W01,S14,6,4296,0,390,2,No
O01175,2025-12-14,P031,C083,W04,S13,8,2227,5,422,7,No
O01176,2025-02-02,P004,C065,W02,S01,3,7734,10,360,11,No
O01177,2025-03-31,P021,C028,W08,S07,5,10943,20,334,4,No
O01178,2025-05-10,P032,C113,W05,S04,7,3155,15,466,9,No
O01179,2025-02-14,P038,C007,W02,S04,2,2802,0,234,7,Yes
O01180,2025-10-07,P005,C088,W03,S11,17,8629,5,476,4,Yes
O01181,2025-08-31,P033,C091,W06,S10,18,2758,0,274,7,No
O01182,2025-02-06,P037,C021,W03,S13,17,5386,0,110,8,No
O01183,2025-01-27,P039,C139,W06,S01,8,5249,10,249,12,No
O01184,2025-02-04,P011,C074,W02,S09,19,4455,20,362,9,No
O01185,2025-07-24,P040,C015,W02,S10,16,4809,0,66,6,No
O01186,2025-05-14,P013,C086,W01,S03,7,9463,10,437,11,No
O01187,2025-05-01,P032,C019,W01,S06,3,7319,20,428,10,No
O01188,2025-10-10,P031,C034,W05,S12,2,2204,0,304,9,No
O01189,2025-11-29,P023,C111,W08,S05,8,851,0,63,4,No
O01190,2025-11-08,P025,C005,W08,S01,13,6680,5,270,12,No
O01191,2025-10-09,P009,C030,W08,S02,20,6524,10,149,6,No
O01192,2025-01-30,P016,C060,W02,S10,1,4221,15,432,9,Yes
O01193,2025-01-24,P001,C064,W01,S02,2,2576,15,142,5,No
O01194,2025-06-10,P023,C063,W05,S03,20,7017,15,386,2,No
O01195,2025-02-09,P017,C140,W04,S08,12,4109,15,415,5,No
O01196,2025-10-10,P019,C063,W05,S06,18,8748,0,77,6,No
O01197,2025-12-28,P040,C125,W05,S02,7,2746,20,168,5,No
O01198,2025-04-18,P008,C096,W03,S01,8,11941,15,382,8,No
O01199,2025-01-11,P032,C009,W05,S05,19,6794,10,473,2,No
O01200,2025-05-23,P040,C099,W08,S01,13,6802,15,72,4,No
O01201,2025-07-14,P012,C111,W01,S11,10,1012,20,440,6,No
O01202,2025-11-08,P049,C087,W05,S13,19,4047,0,224,12,Yes
O01203,2025-08-11,P028,C015,W02,S09,13,11607,10,489,9,No
O01204,2025-08-06,P037,C146,W05,S03,13,8156,5,117,1,No
O01205,2025-12-16,P018,C022,W04,S13,18,5346,10,342,7,No
O01206,2025-11-12,P018,C093,W05,S11,9,11199,20,56,2,No
O01207,2025-10-19,P043,C083,W05,S14,6,7771,15,58,8,No
O01208,2025-08-27,P003,C092,W08,S11,18,4069,15,79,10,No
O01209,2025-05-22,P040,C142,W06,S02,15,3445,10,442,5,No
O01210,2025-09-11,P009,C059,W03,S03,20,11247,0,169,2,No
O01211,2025-04-05,P044,C130,W08,S10,11,1187,20,417,4,No
O01212,2025-05-13,P017,C005,W06,S09,2,10339,5,229,2,No
O01213,2025-09-17,P029,C029,W02,S04,7,5837,20,240,11,No
O01214,2025-02-06,P042,C110,W05,S03,1,5850,20,453,6,No
O01215,2025-07-28,P042,C096,W08,S05,20,1010,5,238,1,No
O01216,2025-03-18,P038,C007,W02,S10,7,5629,20,416,12,No
O01217,2025-10-25,P046,C089,W04,S07,19,1034,5,245,11,No
O01218,2025-02-09,P015,C145,W07,S09,4,9146,0,360,8,No
O01219,2025-09-24,P029,C082,W05,S04,19,5301,5,218,4,No
O01220,2025-04-29,P030,C081,W02,S12,8,7791,15,235,2,No
O01221,2025-10-14,P033,C020,W06,S11,16,10415,5,279,7,No
O01222,2025-10-19,P009,C138,W04,S13,14,11544,20,390,3,Yes
O01223,2025-05-14,P019,C088,W06,S02,3,7192,15,308,3,Yes
O01224,2025-09-11,P041,C051,W03,S15,15,754,5,111,7,No
O01225,2025-10-11,P046,C121,W02,S03,2,7568,0,403,3,No
O01226,2025-03-09,P033,C136,W07,S15,14,6305,5,255,12,No
O01227,2025-05-04,P046,C076,W02,S06,11,10190,20,365,2,No
O01228,2025-02-07,P048,C091,W08,S15,14,10835,15,429,7,No
O01229,2025-09-02,P045,C035,W03,S12,19,8845,0,127,1,Yes
O01230,2025-10-31,P024,C117,W07,S06,15,3395,20,419,10,No
O01231,2025-02-19,P015,C077,W08,S06,2,9742,20,318,10,No
O01232,2025-08-07,P019,C083,W07,S06,6,2846,0,466,12,No
O01233,2025-08-09,P034,C072,W06,S02,12,5166,5,110,5,No
O01234,2025-09-07,P029,C058,W03,S05,9,10431,0,168,11,No
O01235,2025-03-14,P007,C053,W03,S01,20,1151,20,325,4,No
O01236,2025-09-08,P002,C095,W04,S05,19,7487,15,316,3,No
O01237,2025-06-01,P008,C031,W08,S15,14,8581,10,94,3,No
O01238,2025-12-09,P008,C091,W02,S12,8,1718,10,130,9,No
O01239,2025-05-22,P030,C132,W02,S12,11,1128,15,101,12,No
O01240,2025-06-12,P013,C143,W01,S11,1,4529,5,350,7,No
O01241,2025-12-11,P013,C068,W08,S03,16,3565,15,194,3,No
O01242,2025-11-22,P006,C133,W04,S01,14,1602,15,335,10,No
O01243,2025-12-30,P012,C010,W07,S12,9,10549,15,373,10,No
O01244,2025-11-23,P023,C124,W03,S15,10,4299,10,392,8,No
O01245,2025-11-19,P026,C092,W08,S05,4,4086,0,436,5,No
O01246,2025-08-17,P021,C064,W07,S02,6,8114,10,388,2,No
O01247,2025-12-23,P026,C033,W08,S14,16,10347,15,401,4,No
O01248,2025-05-29,P018,C130,W04,S15,14,1496,20,445,6,No
O01249,2025-12-12,P021,C106,W07,S13,15,7466,15,183,1,No
O01250,2025-09-06,P047,C057,W06,S11,2,5554,15,259,4,Yes
O01251,2025-03-27,P035,C053,W02,S10,20,5901,5,359,9,No
O01252,2025-01-11,P025,C024,W06,S15,12,9558,0,385,1,No
O01253,2025-04-18,P024,C138,W04,S03,18,6980,5,198,3,No
O01254,2025-06-19,P027,C056,W04,S01,2,828,20,102,9,No
O01255,2025-09-06,P003,C041,W05,S05,1,4268,5,67,5,No
O01256,2025-07-13,P042,C103,W03,S14,9,1891,0,87,9,No
O01257,2025-01-11,P001,C139,W03,S02,19,6908,5,475,10,No
O01258,2025-06-15,P028,C132,W01,S05,9,8018,5,101,5,Yes
O01259,2025-08-30,P025,C075,W07,S02,8,7157,20,192,8,No
O01260,2025-12-26,P035,C130,W04,S07,1,8643,15,240,9,No
O01261,2025-08-20,P015,C148,W01,S07,8,7825,10,294,10,No
O01262,2025-11-26,P020,C086,W03,S13,3,2062,20,136,4,No
O01263,2025-10-31,P016,C022,W03,S07,20,8258,20,420,10,No
O01264,2025-01-31,P050,C127,W05,S07,10,6035,5,68,6,Yes
O01265,2025-11-03,P027,C002,W05,S12,7,9714,15,329,8,No
O01266,2025-11-30,P016,C083,W08,S12,16,8928,20,489,12,No
O01267,2025-02-23,P028,C020,W07,S03,1,3155,20,433,2,No
O01268,2025-04-12,P029,C030,W01,S15,14,8613,5,370,9,No
O01269,2025-03-13,P048,C141,W07,S07,1,5361,0,272,5,No
O01270,2025-09-25,P021,C096,W03,S03,10,9072,5,461,10,No
O01271,2025-09-23,P039,C065,W08,S08,7,5909,5,134,9,No
O01272,2025-01-06,P021,C107,W03,S03,16,1598,0,209,12,No
O01273,2025-04-13,P045,C025,W08,S06,4,1501,20,289,10,No
O01274,2025-02-04,P023,C144,W04,S06,1,3656,10,195,7,Yes
O01275,2025-06-06,P024,C104,W05,S09,18,11011,5,89,10,No
O01276,2025-02-22,P047,C056,W05,S03,9,9735,0,114,9,Yes
O01277,2025-11-27,P050,C099,W06,S10,19,10408,10,463,12,Yes
O01278,2025-12-09,P031,C054,W03,S01,8,4046,0,461,10,No
O01279,2025-03-15,P011,C122,W01,S06,3,1355,5,311,8,No
O01280,2025-12-07,P031,C084,W05,S09,4,4444,20,251,7,No
O01281,2025-12-28,P031,C091,W05,S14,17,5693,20,90,10,No
O01282,2025-03-27,P041,C072,W03,S14,14,9683,15,300,12,No
O01283,2025-12-17,P008,C143,W07,S11,12,3416,0,493,6,No
O01284,2025-12-10,P023,C109,W04,S10,18,3629,15,241,3,No
O01285,2025-04-11,P029,C093,W04,S01,19,5585,10,98,6,No
O01286,2025-09-15,P001,C070,W01,S11,9,11013,15,253,1,No
O01287,2025-05-21,P041,C015,W01,S14,16,10454,15,301,3,No
O01288,2025-11-28,P049,C140,W02,S01,12,972,20,415,3,No
O01289,2025-03-09,P006,C108,W02,S01,15,10944,0,210,2,No
O01290,2025-05-23,P013,C005,W06,S14,11,3272,20,419,6,No
O01291,2025-01-08,P043,C104,W07,S14,2,1564,5,472,9,No
O01292,2025-05-17,P006,C045,W08,S01,9,10470,5,402,9,No
O01293,2025-03-30,P041,C001,W05,S05,18,6245,0,224,8,Yes
O01294,2025-12-23,P006,C145,W08,S02,4,1983,5,423,2,No
O01295,2025-06-12,P038,C006,W03,S13,1,4063,10,285,2,No
O01296,2025-06-07,P044,C049,W03,S05,2,6714,10,141,5,No
O01297,2025-10-17,P021,C106,W04,S14,7,4969,5,140,5,No
O01298,2025-12-24,P029,C068,W02,S08,12,9981,10,228,11,No
O01299,2025-08-19,P041,C044,W01,S14,19,6818,5,325,10,No
O01300,2025-12-26,P028,C089,W05,S04,11,11963,20,332,12,No
O01301,2025-02-16,P033,C054,W05,S04,15,4773,0,109,9,No
O01302,2025-09-01,P009,C120,W06,S06,19,6691,20,67,6,No
O01303,2025-11-19,P023,C003,W03,S07,16,5983,10,381,2,No
O01304,2025-07-03,P020,C042,W08,S09,6,856,15,464,10,No
O01305,2025-10-31,P037,C112,W07,S08,8,4638,10,357,6,No
O01306,2025-12-14,P026,C077,W01,S15,8,8806,0,265,7,No
O01307,2025-10-23,P026,C008,W03,S09,6,5424,20,407,9,No
O01308,2025-10-18,P049,C036,W03,S11,11,1381,0,208,3,No
O01309,2025-08-23,P026,C043,W08,S01,5,3783,5,204,5,No
O01310,2025-04-05,P016,C053,W07,S02,8,3025,20,482,6,No
O01311,2025-09-02,P011,C089,W02,S08,18,11752,15,407,4,No
O01312,2025-12-09,P025,C119,W04,S13,4,6850,5,212,3,No
O01313,2025-06-17,P019,C109,W07,S09,3,6183,15,392,12,Yes
O01314,2025-01-14,P015,C046,W04,S06,12,6068,20,471,1,Yes
O01315,2025-11-03,P049,C102,W02,S11,8,2762,15,146,1,No
O01316,2025-06-04,P028,C024,W06,S07,6,7474,5,195,5,No
O01317,2025-12-12,P031,C009,W05,S07,6,3179,15,399,9,No
O01318,2025-08-27,P006,C089,W02,S11,13,700,5,213,3,Yes
O01319,2025-09-17,P025,C117,W01,S08,13,7421,0,205,7,No
O01320,2025-11-21,P008,C116,W06,S13,16,5989,20,236,2,No
O01321,2025-08-06,P035,C099,W02,S03,1,6023,20,182,4,No
O01322,2025-11-11,P047,C117,W07,S01,15,5115,0,112,8,No
O01323,2025-07-07,P004,C095,W05,S07,11,11559,10,442,1,No
O01324,2025-05-17,P012,C076,W06,S07,1,7819,10,202,11,No
O01325,2025-11-02,P008,C092,W01,S09,13,4573,5,93,9,No
O01326,2025-03-06,P047,C038,W08,S07,9,6158,15,402,10,No
O01327,2025-09-26,P037,C118,W01,S02,11,6607,0,125,10,No
O01328,2025-07-15,P033,C021,W06,S15,10,7422,15,61,3,No
O01329,2025-12-01,P048,C021,W07,S02,7,9853,10,205,10,No
O01330,2025-10-04,P016,C013,W06,S10,16,4025,15,190,12,No
O01331,2025-05-22,P033,C012,W07,S15,6,11611,10,189,1,No
O01332,2025-04-17,P002,C107,W03,S05,9,8076,20,454,11,No
O01333,2025-02-19,P015,C058,W01,S12,11,4121,0,363,5,Yes
O01334,2025-08-24,P038,C108,W06,S09,13,8292,20,56,6,No
O01335,2025-06-13,P023,C114,W03,S08,16,3951,20,407,3,No
O01336,2025-05-11,P026,C009,W02,S11,16,9696,10,92,4,No
O01337,2025-07-09,P020,C075,W06,S08,15,984,5,369,10,No
O01338,2025-11-16,P023,C145,W07,S07,1,5151,20,430,8,No
O01339,2025-07-12,P035,C034,W07,S10,4,2088,15,161,4,No
O01340,2025-10-20,P019,C046,W03,S13,13,9512,15,230,4,No
O01341,2025-11-03,P018,C082,W06,S11,4,11382,10,307,9,No
O01342,2025-07-20,P015,C104,W08,S13,15,5190,15,130,3,No
O01343,2025-05-28,P001,C137,W06,S13,15,11251,5,399,2,No
O01344,2025-10-25,P042,C108,W07,S07,7,10927,0,366,4,No
O01345,2025-11-09,P040,C129,W02,S10,19,7197,0,216,10,No
O01346,2025-03-27,P037,C121,W02,S06,1,10352,15,332,9,No
O01347,2025-03-24,P030,C095,W04,S03,16,3773,10,117,5,No
O01348,2025-01-16,P014,C148,W08,S08,8,11701,20,277,4,No
O01349,2025-08-25,P033,C029,W06,S14,6,4511,15,419,2,No
O01350,2025-01-17,P044,C105,W08,S14,13,1652,15,183,12,No
O01351,2025-03-03,P046,C137,W01,S08,16,1479,10,465,7,No
O01352,2025-07-06,P026,C131,W08,S07,4,2197,5,483,5,Yes
O01353,2025-02-27,P047,C044,W06,S07,11,2825,5,457,8,No
O01354,2025-05-16,P007,C085,W02,S08,16,4509,10,225,5,No
O01355,2025-06-19,P029,C067,W05,S10,2,2794,5,317,5,No
O01356,2025-04-24,P024,C145,W06,S12,10,5524,5,340,11,No
O01357,2025-09-01,P046,C113,W05,S03,5,2900,20,199,7,No
O01358,2025-11-23,P015,C008,W04,S10,10,2930,20,56,5,No
O01359,2025-09-18,P048,C133,W07,S08,20,3291,10,379,3,Yes
O01360,2025-09-14,P021,C134,W06,S07,16,11123,5,495,9,No
O01361,2025-03-31,P031,C098,W01,S11,3,6109,5,208,4,No
O01362,2025-03-18,P018,C031,W04,S06,16,8025,20,376,1,No
O01363,2025-04-27,P048,C052,W06,S11,2,7028,0,218,9,No
O01364,2025-05-19,P036,C137,W02,S13,2,7817,20,317,4,No
O01365,2025-05-12,P048,C047,W04,S04,15,3407,0,361,5,No
O01366,2025-05-23,P006,C049,W02,S15,5,9061,10,81,4,No
O01367,2025-05-05,P038,C149,W08,S08,4,9297,0,213,11,No
O01368,2025-04-11,P031,C030,W08,S02,16,3734,0,327,10,No
O01369,2025-11-03,P032,C077,W01,S10,14,2327,15,448,11,No
O01370,2025-10-29,P041,C117,W01,S05,14,10352,10,302,11,No
O01371,2025-06-18,P033,C124,W05,S11,10,4828,20,177,6,No
O01372,2025-12-14,P036,C129,W05,S11,15,2326,5,299,1,No
O01373,2025-09-18,P031,C127,W03,S03,3,7578,10,98,8,No
O01374,2025-11-23,P044,C138,W03,S04,4,4297,5,207,9,No
O01375,2025-06-13,P050,C136,W08,S02,10,10486,5,342,11,No
O01376,2025-06-15,P011,C050,W07,S13,6,3087,20,389,3,No
O01377,2025-09-22,P031,C107,W05,S04,9,8232,10,239,3,No
O01378,2025-06-20,P047,C091,W06,S08,10,7468,20,251,7,No
O01379,2025-07-26,P004,C105,W06,S11,5,7985,10,59,12,No
O01380,2025-04-17,P043,C066,W05,S14,12,887,10,268,7,No
O01381,2025-10-13,P036,C052,W04,S10,17,7710,10,104,2,No
O01382,2025-03-24,P021,C123,W08,S01,13,11768,15,177,5,Yes
O01383,2025-10-28,P025,C016,W02,S01,11,5022,20,239,8,No
O01384,2025-02-26,P031,C035,W02,S06,14,2986,5,351,5,Yes
O01385,2025-04-13,P036,C023,W08,S04,11,9883,20,440,11,No
O01386,2025-10-13,P034,C075,W01,S03,3,11956,10,486,6,No
O01387,2025-04-20,P012,C083,W08,S04,15,6434,10,151,11,No
O01388,2025-05-11,P039,C006,W03,S02,14,7501,15,462,8,No
O01389,2025-09-28,P004,C132,W06,S01,19,7663,0,308,6,No
O01390,2025-09-09,P019,C148,W06,S11,3,1737,20,97,9,No
O01391,2025-09-30,P011,C132,W02,S10,15,10494,5,434,2,No
O01392,2025-05-22,P030,C116,W03,S11,11,1696,5,381,10,No
O01393,2025-08-21,P034,C111,W01,S07,19,5313,0,369,7,No
O01394,2025-01-05,P015,C083,W07,S03,9,4151,20,395,6,No
O01395,2025-08-23,P042,C052,W06,S15,19,3000,5,445,3,No
O01396,2025-06-07,P012,C026,W01,S09,20,1146,5,326,6,No
O01397,2025-06-17,P021,C059,W04,S04,10,3175,15,188,4,No
O01398,2025-07-01,P002,C036,W08,S02,13,916,15,494,12,No
O01399,2025-07-14,P004,C115,W08,S07,7,3869,15,352,2,No
O01400,2025-03-31,P033,C149,W02,S03,7,2471,15,429,10,No
O01401,2025-06-12,P027,C049,W04,S02,17,6395,15,180,9,No
O01402,2025-08-22,P002,C002,W07,S13,14,7058,0,231,6,No
O01403,2025-02-03,P028,C077,W04,S12,3,11156,15,498,8,No
O01404,2025-05-21,P047,C083,W01,S03,8,3405,20,54,3,No
O01405,2025-03-21,P009,C121,W01,S01,20,3937,10,240,10,No
O01406,2025-03-22,P027,C045,W03,S15,17,2980,5,236,2,No
O01407,2025-01-16,P032,C053,W05,S07,12,4844,20,214,1,No
O01408,2025-06-19,P002,C121,W01,S12,5,7179,0,326,7,Yes
O01409,2025-09-26,P011,C041,W02,S01,12,4148,0,264,2,No
O01410,2025-09-01,P030,C107,W08,S03,20,10934,0,209,8,No
O01411,2025-05-12,P009,C083,W06,S10,4,8328,15,433,10,No
O01412,2025-03-06,P015,C132,W03,S13,5,4195,0,430,2,No
O01413,2025-05-25,P040,C027,W04,S04,9,3524,10,218,12,No
O01414,2025-12-09,P038,C134,W05,S13,5,5873,15,241,11,No
O01415,2025-10-24,P048,C009,W07,S11,2,3742,5,57,3,No
O01416,2025-05-02,P011,C102,W06,S01,19,8377,15,489,6,No
O01417,2025-11-18,P037,C104,W08,S04,15,10679,10,329,8,No
O01418,2025-05-24,P042,C132,W06,S06,6,4682,10,463,8,No
O01419,2025-08-22,P043,C025,W06,S13,17,4806,0,450,6,No
O01420,2025-11-25,P002,C140,W03,S02,8,7994,0,111,9,No
O01421,2025-03-06,P023,C079,W08,S07,18,1859,20,143,7,No
O01422,2025-04-10,P010,C057,W01,S04,12,9111,20,449,3,Yes
O01423,2025-09-29,P034,C013,W06,S09,8,11865,20,135,6,No
O01424,2025-02-21,P044,C043,W04,S14,5,9360,20,267,4,No
O01425,2025-01-26,P026,C076,W07,S15,17,7401,15,289,6,No
O01426,2025-06-03,P001,C020,W05,S12,18,11446,10,156,12,Yes
O01427,2025-11-01,P005,C016,W07,S03,5,8379,5,441,4,No
O01428,2025-03-23,P042,C108,W07,S10,7,4572,10,86,4,No
O01429,2025-03-13,P026,C032,W03,S04,15,2833,10,439,6,No
O01430,2025-11-23,P008,C134,W05,S09,4,10798,20,291,4,No
O01431,2025-06-02,P008,C139,W08,S03,3,6093,10,70,7,No
O01432,2025-02-27,P041,C120,W07,S10,6,11828,15,438,5,No
O01433,2025-09-25,P007,C023,W06,S04,16,11994,15,265,1,No
O01434,2025-05-24,P047,C071,W05,S11,17,5887,15,391,5,No
O01435,2025-02-12,P001,C026,W08,S04,19,8609,5,352,7,No
O01436,2025-02-23,P050,C125,W07,S10,17,11437,15,71,10,No
O01437,2025-10-30,P042,C026,W02,S02,8,6409,20,394,12,Yes
O01438,2025-08-04,P026,C011,W06,S11,15,8048,20,492,9,No
O01439,2025-07-24,P041,C111,W01,S04,19,3461,0,372,6,No
O01440,2025-05-30,P027,C008,W08,S14,9,6375,10,230,4,No
O01441,2025-08-17,P004,C084,W08,S12,9,3131,5,335,9,No
O01442,2025-07-25,P049,C090,W03,S14,16,1956,10,230,10,No
O01443,2025-04-27,P021,C079,W02,S15,3,10976,15,210,10,No
O01444,2025-11-24,P012,C098,W04,S05,16,6244,10,462,8,No
O01445,2025-03-23,P011,C083,W01,S02,7,10032,10,309,12,No
O01446,2025-06-01,P049,C144,W03,S07,20,11897,0,151,2,No
O01447,2025-12-31,P039,C104,W05,S03,11,9229,10,253,3,No
O01448,2025-02-23,P048,C076,W02,S06,8,7750,0,175,9,No
O01449,2025-12-08,P018,C007,W08,S04,8,4519,5,275,11,No
O01450,2025-03-16,P001,C076,W04,S01,20,8417,15,262,9,No
O01451,2025-10-18,P013,C106,W03,S14,17,10017,15,371,10,No
O01452,2025-05-14,P046,C094,W05,S07,12,6472,5,213,9,No
O01453,2025-02-09,P045,C035,W06,S14,8,9319,20,115,2,No
O01454,2025-12-29,P031,C138,W06,S02,20,4232,10,417,12,No
O01455,2025-04-25,P030,C069,W01,S08,20,7674,15,352,7,No
O01456,2025-03-29,P002,C144,W08,S09,2,6195,15,494,12,No
O01457,2025-02-02,P044,C091,W02,S12,9,9834,10,422,1,Yes
O01458,2025-09-09,P028,C035,W07,S04,15,5576,20,406,11,No
O01459,2025-06-19,P015,C146,W07,S03,18,11662,20,211,1,Yes
O01460,2025-01-28,P046,C092,W02,S13,3,10557,0,321,7,No
O01461,2025-04-10,P016,C046,W03,S01,16,2457,10,95,2,No
O01462,2025-10-21,P045,C100,W07,S07,16,2769,10,143,2,No
O01463,2025-07-01,P012,C111,W05,S08,3,3523,10,255,4,No
O01464,2025-06-29,P042,C021,W06,S08,4,9083,10,60,10,No
O01465,2025-10-13,P004,C096,W02,S03,1,9169,0,52,6,No
O01466,2025-06-06,P002,C146,W06,S14,3,3324,5,375,10,No
O01467,2025-04-04,P035,C056,W06,S02,5,10325,10,343,3,No
O01468,2025-12-28,P050,C046,W03,S14,15,997,20,69,9,No
O01469,2025-06-09,P019,C028,W06,S11,6,10168,20,135,2,No
O01470,2025-04-09,P039,C040,W06,S08,18,6870,15,109,11,No
O01471,2025-02-03,P022,C064,W06,S03,8,8540,5,456,7,No
O01472,2025-07-03,P004,C123,W02,S14,17,1990,10,319,10,Yes
O01473,2025-12-26,P035,C134,W07,S13,18,11038,5,194,6,No
O01474,2025-08-18,P049,C051,W05,S11,14,7123,15,243,2,No
O01475,2025-01-13,P032,C027,W06,S09,16,10488,15,206,8,No
O01476,2025-12-17,P045,C015,W01,S04,3,5531,20,432,10,No
O01477,2025-03-30,P042,C081,W01,S09,1,1273,10,247,4,No
O01478,2025-10-03,P004,C112,W03,S09,12,11659,0,159,2,No
O01479,2025-04-06,P015,C082,W02,S12,7,8614,5,342,11,Yes
O01480,2025-01-08,P003,C098,W04,S15,4,5258,0,173,11,No
O01481,2025-04-01,P025,C059,W06,S15,13,1233,5,122,10,No
O01482,2025-11-15,P043,C067,W07,S11,19,10759,10,154,11,No
O01483,2025-07-29,P045,C003,W07,S14,14,6678,10,481,4,No
O01484,2025-05-10,P039,C003,W07,S01,15,2611,5,86,11,No
O01485,2025-03-01,P011,C126,W02,S03,18,5863,5,428,5,No
O01486,2025-05-26,P035,C074,W05,S14,19,4784,0,439,2,No
O01487,2025-04-14,P006,C143,W08,S04,5,8990,0,290,8,No
O01488,2025-02-27,P015,C010,W07,S03,3,11864,0,173,7,Yes
O01489,2025-07-09,P029,C037,W08,S10,2,11360,20,442,4,No
O01490,2025-06-12,P003,C146,W01,S03,11,4609,5,229,8,No
O01491,2025-11-26,P004,C101,W07,S03,10,8783,0,165,3,No
O01492,2025-06-21,P043,C113,W01,S14,15,1636,5,358,9,No
O01493,2025-10-13,P011,C037,W06,S01,4,11719,0,259,9,No
O01494,2025-01-09,P040,C044,W06,S06,2,2850,0,400,4,No
O01495,2025-07-15,P001,C145,W01,S14,13,9788,0,488,4,No
O01496,2025-10-16,P035,C019,W01,S11,16,9863,15,194,11,Yes
O01497,2025-07-18,P029,C061,W08,S10,9,6154,15,295,3,No
O01498,2025-10-02,P024,C058,W03,S05,6,6864,10,132,6,No
O01499,2025-08-10,P020,C037,W01,S08,14,9371,5,255,3,No
O01500,2025-04-17,P026,C108,W07,S08,15,7772,15,287,6,No
